Country Name,Country Code,Indicator Name,Indicator Code,1995 [YR1995],1996 [YR1996],1997 [YR1997],1998 [YR1998],1999 [YR1999],2000 [YR2000],2001 [YR2001],2002 [YR2002],2003 [YR2003],2004 [YR2004],2005 [YR2005],2006 [YR2006],2007 [YR2007],2008 [YR2008],2009 [YR2009],2010 [YR2010],2011 [YR2011],2012 [YR2012],2013 [YR2013]
Afghanistan,AFG,Real interest rate (%),FR.INR.RINR,NA,NA,NA,NA,NA,NA,NA,NA,NA,NA,NA,10.07615212,-3.470294022,12.46673372,17.47530156,5.713021954,4.14675001,6.188024211,NA
Albania,ALB,Real interest rate (%),FR.INR.RINR,13.33357162,-3.473137178,NA,NA,16.40464818,17.04441268,15.65450881,11.62047244,10.53103129,5.4276951,9.283673745,10.73060028,11.83597173,8.296917496,10.00875383,9.049919573,9.15737728,7.650821886,NA
Algeria,DZA,Real interest rate (%),FR.INR.RINR,-7.902165918,-4.049207354,8.136645367,15.1040086,-0.095986891,-11.71614895,11.74289655,7.16824929,-0.18990781,-3.784155212,-6.997060823,-2.303728589,1.508201047,-6.705756287,21.68871779,-6.992747229,-8.486306542,2.246132217,NA
American Samoa,ASM,Real interest rate (%),FR.INR.RINR,NA,NA,NA,NA,NA,NA,NA,NA,NA,NA,NA,NA,NA,NA,NA,NA,NA,NA,NA
Andorra,ADO,Real interest rate (%),FR.INR.RINR,NA,NA,NA,NA,NA,NA,NA,NA,NA,NA,NA,NA,NA,NA,NA,NA,NA,NA,NA
Angola,AGO,Real interest rate (%),FR.INR.RINR,-84.65071154,-94.21995659,-29.11161789,7.155928155,-72.55504755,-60.79751921,-5.019293567,-18.61707946,6.073199892,30.43159654,32.25282461,5.72325482,4.513020891,-5.972515969,24.95206616,0.122267909,-4.356974057,11.84724446,NA
Antigua and Barbuda,ATG,Real interest rate (%),FR.INR.RINR,9.27880872,9.441066279,9.599122095,9.548329468,10.99571779,-2.43889124,9.445221656,10.60592341,14.20008043,10.21283242,6.779012259,10.52130178,6.64560458,5.667830986,3.854237759,11.01130055,14.14061652,9.368174192,NA
Argentina,ARG,Real interest rate (%),FR.INR.RINR,14.23111105,10.56874426,9.751652313,12.5543667,13.11746834,9.945071696,29.1202848,16.17980387,7.828852447,-2.237717528,-2.459778031,-4.231221084,NA,NA,NA,NA,NA,NA,NA
Armenia,ARM,Real interest rate (%),FR.INR.RINR,-18.87949071,39.10516828,30.99434939,34.1346116,38.77366744,33.39846306,21.73397423,18.33274692,15.5583255,11.59233052,14.28173191,11.37952804,12.74351141,42.03122587,15.80345155,10.60763579,12.91975789,18.75553641,NA
Aruba,ABW,Real interest rate (%),FR.INR.RINR,12.78231464,13.89328874,5.934309957,3.318126505,14.30669366,2.678992204,7.00013721,12.39020806,15.12711997,2.409749744,7.023680482,9.689643002,-1.293013965,-2.662309609,16.75879282,NA,NA,NA,NA
Australia,AUS,Real interest rate (%),FR.INR.RINR,8.326306618,7.666025572,7.523729158,6.883531302,7.577532191,6.504279037,3.7545818,5.194417764,5.212644541,5.378720338,5.127489306,4.203734017,3.079594674,4.251795719,0.943996718,6.336186659,1.701806639,4.716900628,NA
Austria,AUT,Real interest rate (%),FR.INR.RINR,NA,NA,NA,6.081028155,5.339778188,NA,NA,NA,NA,NA,NA,NA,NA,NA,NA,NA,NA,NA,NA
Azerbaijan,AZE,Real interest rate (%),FR.INR.RINR,NA,NA,NA,NA,16.95590704,6.367010323,16.7690792,13.82041228,8.912532717,6.836367298,0.765382701,5.895645727,-1.529881467,-6.261217117,48.05571605,6.103777789,-2.919040289,16.66429893,NA
"Bahamas, The",BHS,Real interest rate (%),FR.INR.RINR,5.900218146,5.709560223,-20.74252763,3.591180844,1.356881117,5.0317848,5.62651455,1.961490092,4.790079751,4.748789075,0.461501818,4.633667425,2.479393667,3.95226522,6.605005788,5.628365124,7.016217759,3.050904926,NA
Bahrain,BHR,Real interest rate (%),FR.INR.RINR,10.49670012,12.09982305,11.16094534,20.28486078,8.842686826,-2.37890801,16.39409485,6.55293783,1.12872827,-1.144369293,-2.977354373,-2.191775986,0.671665665,-2.974474235,26.17335374,-15.92929319,-3.471084556,4.88119576,NA
Bangladesh,BGD,Real interest rate (%),FR.INR.RINR,6.199308036,9.368775257,10.5828815,8.288469451,9.048017971,13.39130625,14.02557796,12.4081383,10.975443,10.08204912,8.494227267,9.661244184,8.628013832,6.973031938,7.584466103,6.129571942,5.317573617,4.166556551,NA
Barbados,BRB,Real interest rate (%),FR.INR.RINR,6.176815535,5.055295602,10.55753442,1.337693588,7.105959412,9.453440023,7.034082069,7.290712825,7.170568919,2.418769818,2.39125417,5.166238993,7.638858119,9.722899118,3.518717869,12.88234391,11.14896642,12.41666938,NA
Belarus,BLR,Real interest rate (%),FR.INR.RINR,-63.88673323,5.606695701,-23.21560061,-28.08281104,-63.76101646,-41.22955676,-18.14018626,-5.528469216,-5.134716961,-4.700862889,-6.364676364,-1.723665744,-3.765661652,-10.40808846,5.630519664,-1.707151848,-33.67900756,-31.66190379,NA
Belgium,BEL,Real interest rate (%),FR.INR.RINR,7.109111369,6.76910374,6.137985444,5.280935752,6.374446695,5.884033478,6.27901449,5.589380185,4.809143407,4.470020851,4.242251976,5.029569943,6.051158544,6.921957839,8.216074114,NA,NA,NA,NA
Belize,BLZ,Real interest rate (%),FR.INR.RINR,9.061819048,14.05459563,18.0350618,14.77482236,18.93090183,15.50026088,15.66962666,12.83834324,17.73234911,11.6293749,11.69981423,9.433186736,9.162665877,11.69247799,17.07918374,13.27587207,8.621235815,11.91262257,NA
Benin,BEN,Real interest rate (%),FR.INR.RINR,NA,NA,NA,NA,NA,NA,NA,NA,NA,NA,NA,NA,NA,NA,NA,NA,NA,NA,NA
Bermuda,BMU,Real interest rate (%),FR.INR.RINR,NA,NA,NA,NA,NA,NA,NA,NA,NA,NA,NA,NA,NA,NA,NA,NA,NA,NA,NA
Bhutan,BTN,Real interest rate (%),FR.INR.RINR,7.35987153,7.351617086,3.124496508,4.968227299,7.97195251,13.4072724,9.959208727,9.886215182,11.55834205,10.79965939,7.691502861,8.147905935,10.56082811,7.622952726,8.493111735,7.515396795,4.788698581,12.31711234,NA
Bolivia,BOL,Real interest rate (%),FR.INR.RINR,35.53009479,39.7798662,41.95160083,30.22904989,32.18152239,27.94839672,17.8530967,17.32305783,10.65860797,6.02233272,10.07566932,-1.559334099,5.110629942,3.16371975,15.14603727,1.041041514,-3.186375211,3.947403775,NA
Bosnia and Herzegovina,BIH,Real interest rate (%),FR.INR.RINR,NA,NA,NA,76.28875573,30.33084318,1.327635717,NA,7.882563177,9.86758489,7.515824633,5.520796772,2.161835867,1.376029202,-0.537625012,7.876463148,5.477175195,4.984538104,6.250171622,NA
Botswana,BWA,Real interest rate (%),FR.INR.RINR,6.776493721,-1.388480661,8.23043537,3.636072028,0.473255913,1.145825257,6.866384387,14.844701,12.7261593,5.151956452,0.230180628,7.956090536,11.17209137,7.179749247,9.984403895,-6.275743125,5.178701987,9.425454991,NA
Brazil,BRA,Real interest rate (%),FR.INR.RINR,NA,NA,65.53795216,78.78996297,66.34332572,47.7050205,44.64732739,47.32378776,46.91683042,43.40098522,44.92956652,42.06904125,35.75525862,35.92104892,34.95340051,29.34820433,34.50951991,29.70431679,NA
Brunei Darussalam,BRN,Real interest rate (%),FR.INR.RINR,NA,NA,NA,20.5413481,-5.460848129,-18.22701244,11.74888483,5.10668116,-0.569825698,-8.962385676,-11.17010243,-4.13249893,4.331590288,-6.382313922,35.41309786,0.182259897,-11.61941759,4.690920797,NA
Bulgaria,BGR,Real interest rate (%),FR.INR.RINR,10.46015635,97.47442102,-71.2053247,-12.02175575,9.454430765,4.420284395,4.694954187,4.384631134,6.125948153,4.463076772,1.227764112,1.862892474,0.699629987,2.255867926,6.710641379,8.123697683,5.447497225,7.350233306,NA
Burkina Faso,BFA,Real interest rate (%),FR.INR.RINR,NA,NA,NA,NA,NA,NA,NA,NA,NA,NA,NA,NA,NA,NA,NA,NA,NA,NA,NA
Burundi,BDI,Real interest rate (%),FR.INR.RINR,-0.727268453,NA,NA,NA,0.245048215,-16.67919753,2.732903688,18.25203631,5.614402307,4.514521174,-0.346579249,13.83378319,9.299610523,-6.02472224,5.384409218,0.103918607,-0.929038498,-0.9500456,NA
Cabo Verde,CPV,Real interest rate (%),FR.INR.RINR,15.65845643,13.25405799,13.48911888,11.22185141,7.982321253,23.52918548,8.573158304,15.09786133,7.334853481,19.09239458,12.75223178,5.497501729,13.48995713,6.222437474,12.46609069,12.88443234,7.488606133,6.271573414,NA
Cambodia,KHM,Real interest rate (%),FR.INR.RINR,NA,NA,NA,NA,NA,NA,NA,NA,NA,NA,NA,NA,NA,NA,NA,NA,NA,NA,NA
Cameroon,CMR,Real interest rate (%),FR.INR.RINR,5.951259018,18.80141537,17.60425611,17.68992177,19.66818438,18.63080495,18.09398899,14.28807418,17.57895128,16.24702883,14.64998281,10.95988028,13.37742042,NA,NA,NA,NA,NA,NA
Canada,CAN,Real interest rate (%),FR.INR.RINR,6.245676847,4.374498294,3.709411991,7.061982564,4.61155517,3.013982774,4.64106825,3.082843963,1.358089311,0.787107035,1.075122988,3.056605574,2.824820932,0.59502305,4.406403512,-0.330510324,-2.520348334,1.309110449,NA
Cayman Islands,CYM,Real interest rate (%),FR.INR.RINR,NA,NA,NA,NA,NA,NA,NA,NA,NA,NA,NA,NA,NA,NA,NA,NA,NA,NA,NA
Central African Republic,CAF,Real interest rate (%),FR.INR.RINR,5.552401947,26.48141065,21.00375526,22.50719551,17.21224624,12.43553542,20.15493073,20.86675474,16.44384274,23.48247733,11.85409557,14.70158922,17.73181292,NA,NA,NA,NA,NA,NA
Chad,TCD,Real interest rate (%),FR.INR.RINR,6.58519415,9.457824497,17.5532141,14.28634719,31.99587079,15.87066779,6.036164846,15.79091836,17.90684805,7.532509704,-8.153234994,4.863329759,11.32414976,NA,NA,NA,NA,NA,NA
Channel Islands,CHI,Real interest rate (%),FR.INR.RINR,NA,NA,NA,NA,NA,NA,NA,NA,NA,NA,NA,NA,NA,NA,NA,NA,NA,NA,NA
Chile,CHL,Real interest rate (%),FR.INR.RINR,7.008549905,14.25168705,10.93339795,17.89868686,9.949546892,4.139682813,7.750283732,3.396952047,0.300365988,-2.187111298,-0.813043059,-4.263989621,3.650675169,12.72853802,3.282271392,-3.743957458,5.449354109,8.130748979,NA
China,CHN,Real interest rate (%),FR.INR.RINR,-1.473806472,3.424265076,7.020880879,7.311302963,7.195067065,3.711241073,3.720735302,4.698354986,2.629776018,-1.24663791,1.58785071,2.249301234,-0.122647706,-2.307885782,5.938578343,-0.819343828,-1.154443976,4.09849277,NA
Colombia,COL,Real interest rate (%),FR.INR.RINR,20.08106901,21.49779219,14.87875352,23.93081159,11.67250781,-9.847107033,13.33248084,9.7752049,7.823797978,7.270509662,8.529274188,6.730149746,9.845884103,8.944131906,9.283784921,5.32007517,3.977377694,9.760643426,NA
Comoros,COM,Real interest rate (%),FR.INR.RINR,NA,NA,NA,NA,7.423579109,8.289518695,3.101502641,7.515849104,6.381500727,9.068766038,8.504650619,8.3334423,5.054754846,4.733395864,5.681166733,5.8914626,5.551318812,7.709883299,NA
"Congo, Dem. Rep.",ZAR,Real interest rate (%),FR.INR.RINR,NA,NA,NA,NA,NA,NA,NA,NA,NA,NA,NA,27.51658512,24.72651779,20.42538631,22.42902455,27.8667011,26.67605976,25.56891856,NA
"Congo, Rep.",COG,Real interest rate (%),FR.INR.RINR,12.19010317,3.396907036,16.22975335,49.18454078,-5.686152438,-17.02942664,40.18815974,20.08824764,23.23957608,1.021136801,-3.018877199,-2.688201652,13.72350717,NA,NA,NA,NA,NA,NA
Costa Rica,CRI,Real interest rate (%),FR.INR.RINR,11.8685836,9.04712506,6.599058948,9.228683405,9.361409698,16.7444512,14.02608124,15.78495884,15.97196763,10.35348987,12.68462947,10.08009483,3.121398932,3.051752756,10.46607821,8.456689886,11.58455436,13.66593263,NA
Cote d'Ivoire,CIV,Real interest rate (%),FR.INR.RINR,NA,NA,NA,NA,NA,NA,NA,NA,NA,NA,NA,NA,NA,NA,NA,NA,NA,NA,NA
Croatia,HRV,Real interest rate (%),FR.INR.RINR,NA,17.97662921,7.777493931,6.976063187,10.72243884,7.139595212,5.1858076,8.988318789,7.228771478,7.660296098,7.59068778,5.690562134,5.024599971,4.14934746,8.459486649,10.46089236,6.573952333,7.297996044,NA
Cuba,CUB,Real interest rate (%),FR.INR.RINR,NA,NA,NA,NA,NA,NA,NA,NA,NA,NA,NA,NA,NA,NA,NA,NA,NA,NA,NA
Curacao,CUW,Real interest rate (%),FR.INR.RINR,NA,NA,NA,NA,NA,NA,NA,NA,NA,NA,NA,NA,NA,NA,NA,NA,NA,NA,NA
Cyprus,CYP,Real interest rate (%),FR.INR.RINR,0.423211901,6.071189385,5.510588495,4.915265344,5.521754536,4.026876546,4.01071962,5.88674687,1.772124632,4.210626157,4.595174845,3.6076874,2.013886728,NA,NA,NA,NA,NA,NA
Czech Republic,CZE,Real interest rate (%),FR.INR.RINR,3.383639542,2.432231876,4.894173829,2.897227391,6.012856014,5.711757666,2.443651843,3.966364825,5.007985254,1.91626779,6.146908826,5.033540055,2.388833006,4.254599358,3.62085593,7.589463622,6.724866199,3.719347734,NA
Denmark,DNK,Real interest rate (%),FR.INR.RINR,8.95561046,6.56118925,5.624753288,6.6337938,5.353738723,4.928648548,5.564877983,4.688884925,NA,NA,NA,NA,NA,NA,NA,NA,NA,NA,NA
Djibouti,DJI,Real interest rate (%),FR.INR.RINR,NA,NA,NA,NA,NA,NA,9.530912619,10.6004251,9.151641785,7.867892601,7.785656216,NA,6.014340486,NA,NA,NA,NA,NA,NA
Dominica,DMA,Real interest rate (%),FR.INR.RINR,9.34921451,8.372303919,8.544115223,11.0899855,8.261055854,-13.00997797,8.889895353,9.920016364,14.89244312,4.236807775,10.63584897,13.43092289,0.086222289,6.766529174,11.88500171,12.71384855,5.773559621,8.151874609,NA
Dominican Republic,DOM,Real interest rate (%),FR.INR.RINR,19.44899694,19.62804703,11.36139641,18.53051379,20.84024472,18.59880244,18.22431124,19.51544056,-1.677793083,-8.648573697,20.8527197,13.35426002,9.579685232,9.271729014,14.74689772,6.652785423,8.345117969,9.745710301,NA
Ecuador,ECU,Real interest rate (%),FR.INR.RINR,58.29702486,48.43411975,35.1698775,57.25020184,54.18719499,22.85296689,-9.486799659,3.325805237,2.755025138,5.455721593,1.751336812,1.671699777,7.763205565,NA,NA,NA,NA,NA,NA
"Egypt, Arab Rep.",EGY,Real interest rate (%),FR.INR.RINR,4.552157635,7.91322049,3.562251881,8.782552697,11.99072948,7.893586106,11.21448512,10.2787931,6.327091748,1.526902831,6.523641959,4.880796536,-0.077628802,0.107853155,0.722091627,0.818130837,-0.565976282,-0.376372401,NA
El Salvador,SLV,Real interest rate (%),FR.INR.RINR,7.828173266,11.06464131,12.08053842,10.61424063,15.074011,10.47755976,NA,NA,NA,NA,NA,NA,NA,NA,NA,NA,NA,NA,NA
Equatorial Guinea,GNQ,Real interest rate (%),FR.INR.RINR,13.05263607,-2.694982184,-4.72583364,60.68791071,-13.57302922,-16.75863208,37.07686064,19.89785143,17.25470343,0.921323155,-17.51154642,3.220948392,15.25845188,NA,NA,NA,NA,NA,NA
Eritrea,ERI,Real interest rate (%),FR.INR.RINR,NA,NA,NA,NA,NA,NA,NA,NA,NA,NA,NA,NA,NA,NA,NA,NA,NA,NA,NA
Estonia,EST,Real interest rate (%),FR.INR.RINR,NA,-7.461179247,1.381452781,9.422744395,4.040751444,2.520558777,1.224416215,1.92724283,1.407309952,1.146092439,-1.067650019,-3.43869687,-4.6406494,2.980761729,9.201480744,7.437122612,3.030379658,2.346803178,NA
Ethiopia,ETH,Real interest rate (%),FR.INR.RINR,2.108670329,13.64506241,5.720576772,10.98549123,9.853503711,4.794306434,17.63552895,12.74345982,-5.114424044,2.972116619,-2.616868996,-4.080683428,-8.292756869,-17.12229406,NA,NA,NA,NA,NA
Faeroe Islands,FRO,Real interest rate (%),FR.INR.RINR,NA,NA,NA,NA,NA,NA,NA,NA,NA,NA,NA,NA,NA,NA,NA,NA,NA,NA,NA
Fiji,FJI,Real interest rate (%),FR.INR.RINR,9.965308158,8.010362051,7.323353855,1.99938053,1.830091501,13.70350126,4.821062345,4.581425913,-0.251528474,4.822162068,-0.035365927,3.494675447,5.876866073,3.418894537,7.665343709,-0.484143221,0.624392639,5.31467361,NA
Finland,FIN,Real interest rate (%),FR.INR.RINR,3.086475273,6.544273182,3.236946173,1.872784849,3.739629415,2.921168906,2.695823192,3.505079024,4.849653372,3.19044364,NA,NA,NA,NA,NA,NA,NA,NA,NA
France,FRA,Real interest rate (%),FR.INR.RINR,6.79744611,5.229745396,5.379042081,5.458646282,6.170678249,5.047725774,4.863315225,4.286733336,4.512464348,4.844630731,NA,NA,NA,NA,NA,NA,NA,NA,NA
French Polynesia,PYF,Real interest rate (%),FR.INR.RINR,NA,NA,NA,NA,NA,NA,NA,NA,NA,NA,NA,NA,NA,NA,NA,NA,NA,NA,NA
Gabon,GAB,Real interest rate (%),FR.INR.RINR,14.46715263,7.429662194,20.85605294,48.39394236,2.356433115,-4.75398142,28.71467179,18.28393267,18.10653919,10.97892485,0.567993435,6.862483168,9.259183784,NA,NA,NA,NA,NA,NA
"Gambia, The",GMB,Real interest rate (%),FR.INR.RINR,20.27487291,15.8084867,33.46679171,18.93827207,27.09540251,21.31056616,21.80095967,12.32764647,14.56180272,16.8202226,30.23638609,27.29103163,22.65010185,24.49593543,20.74643471,21.76436997,23.4148801,22.04709855,NA
Georgia,GEO,Real interest rate (%),FR.INR.RINR,NA,10.77523773,40.58329833,26.94481519,18.17248722,19.09352389,16.03063787,16.67290993,19.65762027,12.66025672,8.916772272,7.904696445,6.739978157,7.599052881,20.28202567,6.726995664,4.800192553,13.34012863,NA
Germany,DEU,Real interest rate (%),FR.INR.RINR,8.758747947,9.320288329,8.842391606,8.37581379,8.600684274,10.37206279,8.784811469,8.149598627,NA,NA,NA,NA,NA,NA,NA,NA,NA,NA,NA
Ghana,GHA,Real interest rate (%),FR.INR.RINR,NA,NA,NA,NA,NA,NA,NA,NA,NA,NA,NA,NA,NA,NA,NA,NA,NA,NA,NA
Greece,GRC,Real interest rate (%),FR.INR.RINR,12.07572842,12.68580938,11.370029,12.70091934,11.61949149,8.626779162,5.302124962,3.880184324,2.755653206,NA,NA,NA,NA,NA,NA,NA,NA,NA,NA
Greenland,GRL,Real interest rate (%),FR.INR.RINR,NA,NA,NA,NA,NA,NA,NA,NA,NA,NA,NA,NA,NA,NA,NA,NA,NA,NA,NA
Grenada,GRD,Real interest rate (%),FR.INR.RINR,7.873790161,7.324758949,12.43652908,6.511598551,10.3021618,-17.00651359,7.873487259,10.89709673,12.1460783,8.383548546,7.028749398,4.961789023,7.26963356,1.548909069,11.24928687,9.387328567,7.321684975,17.52752059,NA
Guam,GUM,Real interest rate (%),FR.INR.RINR,NA,NA,NA,NA,NA,NA,NA,NA,NA,NA,NA,NA,NA,NA,NA,NA,NA,NA,NA
Guatemala,GTM,Real interest rate (%),FR.INR.RINR,11.49421722,12.68747623,9.5884127,6.448926404,13.77560369,13.15317504,24.02249233,9.783645122,10.07349311,7.290752009,7.004198789,7.399057764,5.320992977,3.610146598,9.953215964,7.798752749,6.078582332,10.24378986,NA
Guinea,GIN,Real interest rate (%),FR.INR.RINR,14.67528579,NA,NA,15.71537969,15.01263906,12.29996312,NA,NA,NA,NA,NA,NA,NA,NA,NA,NA,NA,NA,NA
Guinea-Bissau,GNB,Real interest rate (%),FR.INR.RINR,-8.162349428,8.989407891,NA,NA,NA,NA,NA,NA,NA,NA,NA,NA,NA,NA,NA,NA,NA,NA,NA
Guyana,GUY,Real interest rate (%),FR.INR.RINR,6.06760804,13.26283075,15.42924788,13.36545052,5.313250215,10.03907586,19.25857759,11.30103563,9.011665402,9.197633751,6.156009334,-32.00043241,-8.436895548,5.101916462,12.15238997,7.346289126,5.615008343,7.67299107,NA
Haiti,HTI,Real interest rate (%),FR.INR.RINR,NA,NA,NA,NA,20.27572485,18.33960499,20.03878771,21.96384108,13.6355432,21.81917745,19.91087333,10.11306108,13.94917431,4.354477911,13.47432524,12.17936806,4.528692908,1.338130227,NA
Honduras,HND,Real interest rate (%),FR.INR.RINR,1.658346465,5.545578737,8.003766819,17.07790537,16.66565385,-3.054248935,14.50697267,16.70236153,14.22506389,12.61085416,10.76757124,11.47490204,9.359232744,9.413121259,10.95267648,13.55472184,9.971875799,13.8461436,NA
"Hong Kong SAR, China",HKG,Real interest rate (%),FR.INR.RINR,4.427141406,2.471001301,3.535944895,7.686454889,13.1335375,13.34723108,7.023633835,8.697796058,11.71129903,8.91087383,7.911999365,8.32936529,3.502636081,3.671450188,5.39570781,4.715113272,1.035315366,1.051235464,NA
Hungary,HUN,Real interest rate (%),FR.INR.RINR,4.636167502,4.172887324,1.292481681,4.947665983,7.864530818,2.603265264,0.767160298,1.578248468,3.990369006,7.212530332,5.908479191,4.429821727,3.460335205,4.659905987,7.214899955,5.28289189,5.583725145,5.579700422,NA
Iceland,ISL,Real interest rate (%),FR.INR.RINR,8.335889522,9.718480128,9.704149912,7.263112396,9.726997384,12.70039392,8.577971996,9.222291016,11.26294005,9.281314781,11.60517204,8.368150458,12.91044368,7.460668864,9.874585795,3.121897355,4.286759156,5.325057857,NA
India,IND,Real interest rate (%),FR.INR.RINR,5.864178137,7.792994259,6.909579033,5.121276324,9.191247321,8.342610832,8.591449301,7.907177177,7.307881179,4.910128312,6.2483375,4.477353809,6.869182962,4.277227255,5.773571198,-0.481798596,1.744246495,2.268977177,NA
Indonesia,IDN,Real interest rate (%),FR.INR.RINR,8.339212891,9.520961675,8.21363024,-24.60021767,11.82652979,-1.654214472,3.719985957,12.3224125,10.85207335,5.134404754,-0.245734399,1.65815361,2.339674108,-3.852246022,5.747954381,4.613517957,3.961058781,6.953841894,NA
"Iran, Islamic Rep.",IRN,Real interest rate (%),FR.INR.RINR,NA,NA,NA,NA,NA,NA,NA,NA,NA,-3.268889349,-0.860399698,1.654084709,-7.0248804,-9.370466507,6.974024459,NA,NA,NA,NA
Iraq,IRQ,Real interest rate (%),FR.INR.RINR,NA,NA,NA,NA,NA,NA,NA,NA,NA,8.975958969,-8.359857153,-44.02829235,3.869774261,-9.578014268,47.05485424,-1.136664493,-7.490338268,5.626429746,NA
Ireland,IRL,Real interest rate (%),FR.INR.RINR,NA,NA,NA,NA,NA,NA,-0.770562144,-1.383731033,-0.693732493,0.341326163,0.091196745,NA,NA,NA,NA,NA,NA,NA,NA
Isle of Man,IMY,Real interest rate (%),FR.INR.RINR,NA,NA,NA,NA,NA,NA,NA,NA,NA,NA,NA,NA,NA,NA,NA,NA,NA,NA,NA
Israel,ISR,Real interest rate (%),FR.INR.RINR,-0.381564095,9.691861131,10.0160361,8.455522551,9.434928036,11.0443205,8.073802027,5.526286484,11.22799966,7.325328298,5.721451568,5.856919451,6.443612158,5.20021592,-0.783424562,-1.887891801,3.898630597,1.460857517,NA
Italy,ITA,Real interest rate (%),FR.INR.RINR,7.92064442,7.653936343,7.747857234,5.825736857,4.471520626,4.980866406,4.28663924,3.225009091,2.62957187,3.041219859,3.434430929,3.848463451,3.868998562,4.197814383,2.61313162,3.629334646,3.20127565,3.434207708,NA
Jamaica,JAM,Real interest rate (%),FR.INR.RINR,17.52061912,17.77308693,20.2921126,6.408337689,18.9304972,11.53102482,12.27840001,NA,NA,NA,NA,NA,5.256910072,2.97000356,4.152419931,9.623796032,13.10477005,10.56148194,NA
Japan,JPN,Real interest rate (%),FR.INR.RINR,4.262061127,3.232483704,1.842808532,2.376678681,3.478843114,3.356642168,3.20568406,3.468968141,3.598545648,3.1618116,2.965167285,2.817865977,2.840427374,3.215382464,2.234797054,3.846079454,3.444151904,2.313377799,NA
Jordan,JOR,Real interest rate (%),FR.INR.RINR,8.622004261,8.998872997,10.88355182,6.215181631,12.77750401,12.26193024,10.07747362,9.17344605,7.002356917,5.016352737,5.493691821,-2.256000039,3.451607444,-9.043718224,6.251066109,0.542371964,2.184581604,4.096040306,NA
Kazakhstan,KAZ,Real interest rate (%),FR.INR.RINR,NA,NA,NA,NA,NA,NA,NA,NA,NA,NA,NA,NA,NA,NA,NA,NA,NA,NA,NA
Kenya,KEN,Real interest rate (%),FR.INR.RINR,15.80164833,-5.776588544,16.8795685,21.09632603,17.45404878,15.32743345,17.81250097,17.35814064,9.770510927,5.045257599,7.609987544,5.426264219,7.314817925,0.710642477,5.080884471,12.15936376,2.598367942,8.693070488,NA
Kiribati,KIR,Real interest rate (%),FR.INR.RINR,NA,NA,NA,NA,NA,NA,NA,NA,NA,NA,NA,NA,NA,NA,NA,NA,NA,NA,NA
"Korea, Dem. Rep.",PRK,Real interest rate (%),FR.INR.RINR,NA,NA,NA,NA,NA,NA,NA,NA,NA,NA,NA,NA,NA,NA,NA,NA,NA,NA,NA
"Korea, Rep.",KOR,Real interest rate (%),FR.INR.RINR,1.501903168,3.539754373,6.939412866,8.937150266,9.504662095,3.362423016,3.705369697,3.428102065,2.583372022,2.78607382,4.906620587,6.139751031,4.380190006,4.137479434,2.146944364,1.831308207,4.157736151,4.397659318,NA
Kosovo,KSV,Real interest rate (%),FR.INR.RINR,NA,NA,NA,NA,NA,NA,NA,NA,NA,19.34946569,17.78388809,14.0653344,11.37403009,7.137753875,14.44508811,10.11702357,8.11661457,10.20672886,NA
Kuwait,KWT,Real interest rate (%),FR.INR.RINR,3.35460998,-5.835300432,14.18559206,31.47946565,-8.055212399,-9.67406003,17.49564748,1.26402888,0.469189353,-5.18674041,-11.72593683,-8.554064063,2.465777151,-7.107673299,30.89321926,-9.171670166,-13.45732433,NA,NA
Kyrgyz Republic,KGZ,Real interest rate (%),FR.INR.RINR,NA,21.92733449,25.20362854,59.00620197,16.92573865,19.43493798,27.94837101,22.3322295,14.57564797,22.98728554,18.1757007,12.62288873,9.092892124,-1.931079371,18.25793305,19.54497274,14.47411097,4.994758586,NA
Lao PDR,LAO,Real interest rate (%),FR.INR.RINR,5.000306939,11.67268672,NA,-29.932136,-42.09865184,5.77111515,15.88950025,21.64711015,15.02855003,16.76709694,16.7460943,17.32311831,19.60354616,13.90416092,28.54400474,11.44720909,NA,NA,NA
Latvia,LVA,Real interest rate (%),FR.INR.RINR,5.518768738,9.497473079,7.74189969,9.26269969,9.416626977,7.373745568,9.312588143,4.20781341,1.752833673,0.410945306,-3.691325615,-2.352639357,-7.802689733,-2.212543147,17.99654011,12.15554089,-0.052713259,1.908374257,NA
Lebanon,LBN,Real interest rate (%),FR.INR.RINR,12.75098441,16.26870084,4.272112296,NA,18.60137344,20.67302472,19.13463322,11.06141629,11.67707961,9.77000457,11.38018513,8.066025629,6.140871642,0.095411971,3.198714323,8.196360375,2.550669805,1.531168635,NA
Lesotho,LSO,Real interest rate (%),FR.INR.RINR,2.128953392,10.00622706,8.777723813,6.839640332,10.58229495,12.66357581,6.905929349,3.424916418,14.69137238,5.709378363,5.118225949,5.222861729,2.759940019,2.636118259,8.399131115,8.175022637,0.831449369,4.436859693,NA
Liberia,LBR,Real interest rate (%),FR.INR.RINR,8.502412625,NA,29.81828357,-96.86984374,15.65772992,29.44787448,29.13782058,19.84125854,7.16030368,6.138602751,6.164971932,11.97740392,2.996387348,6.566097384,-11.5197383,8.313722627,3.165857035,9.044747859,NA
Libya,LBY,Real interest rate (%),FR.INR.RINR,NA,NA,NA,NA,NA,-9.636304409,3.384521895,-27.93443,-1.073636364,-21.40251613,-14.78448359,-7.484705394,-7.264520548,-15.45216842,57.77191816,NA,NA,NA,NA
Liechtenstein,LIE,Real interest rate (%),FR.INR.RINR,NA,NA,NA,NA,NA,NA,NA,NA,NA,NA,NA,NA,NA,NA,NA,NA,NA,NA,NA
Lithuania,LTU,Real interest rate (%),FR.INR.RINR,-17.58958168,2.133577855,2.277473094,8.689820097,14.75367368,11.09951227,10.03791784,6.647578942,6.672395374,3.12674663,-1.259598523,-1.335429484,-1.509016362,-1.242269155,12.5647352,3.881220218,NA,NA,NA
Luxembourg,LUX,Real interest rate (%),FR.INR.RINR,4.072945748,2.444181135,7.515987925,5.705406251,NA,NA,NA,NA,NA,NA,NA,NA,NA,NA,NA,NA,NA,NA,NA
"Macao SAR, China",MAC,Real interest rate (%),FR.INR.RINR,1.456513683,8.020266295,8.521996633,14.17101675,11.51305214,12.15742789,3.985755611,7.414444811,5.674653847,3.92088688,1.230519382,0.852808902,-0.968209552,-4.883919384,4.594968369,0.623996202,-1.384048217,-1.949229391,NA
"Macedonia, FYR",MKD,Real interest rate (%),FR.INR.RINR,24.64511506,18.19688919,16.82594718,19.372651,17.23810894,9.937686979,15.19111827,14.41756705,12.62116936,11.55941756,8.054679627,7.757416729,2.607372917,2.045083443,9.324396505,6.584638208,5.264719562,8.528773394,NA
Madagascar,MDG,Real interest rate (%),FR.INR.RINR,-5.253083151,12.6536725,21.16296101,17.11903772,16.66626958,17.96723101,16.76461923,8.652400443,20.907399,9.795114354,7.351309997,16.17220902,32.28016362,33.17826788,32.77772557,36.27495245,42.93513,51.22873346,NA
Malawi,MWI,Real interest rate (%),FR.INR.RINR,-16.86396626,-4.602873194,6.136607436,15.15550933,9.945219915,17.30664571,24.31428074,-7.167399531,35.92033157,18.56399721,19.92452772,3.875994788,16.1138418,15.29879406,15.57211743,-1.441836213,19.24409702,11.676541,NA
Malaysia,MYS,Real interest rate (%),FR.INR.RINR,4.91836143,6.040646216,6.905510855,3.350316521,8.514752388,-1.085790379,8.848207481,3.296312379,2.906032393,0.034267781,-2.672968815,2.409179411,1.456392275,-3.902949356,11.78207298,0.846454455,-0.570419442,4.017646486,NA
Maldives,MDV,Real interest rate (%),FR.INR.RINR,NA,NA,NA,NA,NA,NA,NA,11.60691537,13.47161086,12.24525117,11.84124689,2.897949086,5.597466524,3.349199629,3.789381296,9.891208459,2.469884295,5.226370091,NA
Mali,MLI,Real interest rate (%),FR.INR.RINR,NA,NA,NA,NA,NA,NA,NA,NA,NA,NA,NA,NA,NA,NA,NA,NA,NA,NA,NA
Malta,MLT,Real interest rate (%),FR.INR.RINR,1.815678264,7.389999068,7.276702669,7.675450865,7.067626266,2.974156814,3.501554132,3.178546459,2.236690916,4.049403174,2.87532953,2.533598315,3.049032147,3.229016353,1.865364222,1.625151276,-0.172683406,2.340656862,NA
Marshall Islands,MHL,Real interest rate (%),FR.INR.RINR,NA,NA,NA,NA,NA,NA,NA,NA,NA,NA,NA,NA,NA,NA,NA,NA,NA,NA,NA
Mauritania,MRT,Real interest rate (%),FR.INR.RINR,17.00805788,19.77568915,8.853672933,7.746164597,21.33274509,19.14514895,16.62457405,12.08399934,12.25328474,8.274191056,12.34808798,4.679207064,18.08048784,19.75929475,34.19246896,-3.601661967,2.55464921,21.38484324,NA
Mauritius,MUS,Real interest rate (%),FR.INR.RINR,14.61938363,12.90672307,13.12385496,12.10842418,15.52189342,18.3030538,13.07597059,14.30856967,14.45891332,14.05347727,16.09714072,9.295870538,12.89173339,4.682507121,9.33101351,6.977425222,4.779821861,5.336081025,NA
Mexico,MEX,Real interest rate (%),FR.INR.RINR,21.50076283,5.428632046,3.602942755,9.758799671,5.115725718,5.514424616,7.084759303,2.456478034,0.954939013,-0.157711366,4.212808833,1.642630236,2.474189215,2.555359846,3.414418287,1.13444029,0.054298045,1.109737369,NA
"Micronesia, Fed. Sts.",FSM,Real interest rate (%),FR.INR.RINR,12.27727914,13.08041304,14.26117188,11.52851661,16.22187418,14.09544786,14.00847076,15.25047557,15.45187023,14.17645917,13.99650862,13.99091516,10.41541515,9.1269866,9.701737972,11.37852322,10.61342439,9.227968485,NA
Moldova,MDA,Real interest rate (%),FR.INR.RINR,NA,7.662602407,18.45432072,23.88899726,-6.449245785,5.056985251,14.81449076,12.46762718,3.851052078,12.0042698,9.070275723,4.136477424,2.58530773,10.78348947,17.99684411,4.756066151,6.305320784,5.468817417,NA
Monaco,MCO,Real interest rate (%),FR.INR.RINR,NA,NA,NA,NA,NA,NA,NA,NA,NA,NA,NA,NA,NA,NA,NA,NA,NA,NA,NA
Mongolia,MNG,Real interest rate (%),FR.INR.RINR,46.23330624,69.58227259,49.62478287,50.9791099,29.87558751,22.27952708,24.3565503,27.40158408,19.65780615,12.66747256,8.719842378,4.055995555,9.137236011,-0.712580732,19.48433853,0.029558801,3.993969062,5.45416275,NA
Montenegro,MNE,Real interest rate (%),FR.INR.RINR,NA,NA,NA,NA,NA,NA,NA,NA,NA,NA,NA,1.952103434,-3.081708828,1.442665908,6.746169132,7.823319194,8.670863404,7.559943342,NA
Morocco,MAR,Real interest rate (%),FR.INR.RINR,3.110444003,10.62228764,9.602879292,1.195756956,12.58254635,14.00155334,12.37007082,11.88451823,11.7466144,10.37662366,9.889436932,NA,NA,NA,NA,NA,NA,NA,NA
Mozambique,MOZ,Real interest rate (%),FR.INR.RINR,NA,NA,NA,17.98889227,14.61050091,6.257318874,6.832152607,16.93649251,18.50854646,14.52001558,10.11210197,6.099467122,11.29981885,9.187649077,11.05624139,5.230072332,10.19591243,13.4121724,NA
Myanmar,MMR,Real interest rate (%),FR.INR.RINR,-2.592660331,-5.313415386,-12.9259873,-14.22801815,-5.312674503,12.48095064,-7.885329262,-18.7330479,-4.56156847,11.07814515,NA,NA,NA,NA,NA,NA,NA,NA,NA
Namibia,NAM,Real interest rate (%),FR.INR.RINR,12.12845993,4.085398708,12.237703,11.16921717,11.25861022,-9.028708361,2.942252181,2.806332161,13.5570096,9.308714509,4.815652381,1.745846244,3.520828336,0.064364454,6.798140265,8.045453475,1.560604343,-2.552222117,NA
Nepal,NPL,Real interest rate (%),FR.INR.RINR,NA,4.685422194,6.769794055,9.501828419,2.246627073,4.772454757,-3.018205328,2.728841235,4.216890314,4.160239495,1.889955815,0.596088389,0.368679302,2.253501944,-6.822917904,-6.20679361,NA,NA,NA
Netherlands,NLD,Real interest rate (%),FR.INR.RINR,5.039659777,4.53965927,3.395569079,4.502302297,1.650056772,0.64297371,-0.094152516,0.127946046,0.803709023,2.002778999,0.334513196,1.743253702,2.705725437,2.42350919,1.884238343,0.918193763,0.856633954,0.308859108,NA
New Caledonia,NCL,Real interest rate (%),FR.INR.RINR,NA,NA,NA,NA,NA,NA,NA,NA,NA,NA,NA,NA,NA,NA,NA,NA,NA,NA,NA
New Zealand,NZL,Real interest rate (%),FR.INR.RINR,NA,NA,NA,NA,6.117671482,4.337569083,3.651608695,6.848958661,3.990980024,3.59053941,5.409826592,4.694398344,3.844698477,6.024676862,5.299379331,1.481308639,3.391659826,8.98144254,NA
Nicaragua,NIC,Real interest rate (%),FR.INR.RINR,5.729925344,10.1353373,10.23839719,6.664668312,7.642792418,8.821366053,10.54772814,14.57340727,9.700975342,4.071982866,2.033608232,3.091738162,3.04578282,1.113559688,7.529704609,6.22878138,-1.079894432,2.900377009,NA
Niger,NER,Real interest rate (%),FR.INR.RINR,NA,NA,NA,NA,NA,NA,NA,NA,NA,NA,NA,NA,NA,NA,NA,NA,NA,NA,NA
Nigeria,NGA,Real interest rate (%),FR.INR.RINR,-43.5726628,-9.711973747,16.61355048,25.28226568,2.767926713,-10.31976299,23.83785487,-10.81214181,8.613594343,19.36913623,-3.340372768,-0.373095114,11.6143345,4.190483705,23.70649656,-7.231326702,12.41647443,14.87001014,NA
Northern Mariana Islands,MNP,Real interest rate (%),FR.INR.RINR,NA,NA,NA,NA,NA,NA,NA,NA,NA,NA,NA,NA,NA,NA,NA,NA,NA,NA,NA
Norway,NOR,Real interest rate (%),FR.INR.RINR,4.424802587,2.400480053,3.113083542,10.65119024,0.933060548,-5.811587911,6.839402413,10.6727404,1.778991981,-1.749793045,-4.495818488,-3.791171868,3.512962498,-3.277908161,10.22131316,NA,NA,NA,NA
Oman,OMN,Real interest rate (%),FR.INR.RINR,7.488325959,1.691790623,11.79590004,27.05372366,-1.214753858,-8.271451555,16.92736242,10.78085564,1.035739915,-2.888543424,-11.10800273,-4.84932321,0.640987982,-16.42337669,40.37916195,-10.10960051,-10.4857384,NA,NA
Pakistan,PAK,Real interest rate (%),FR.INR.RINR,NA,NA,NA,NA,NA,NA,NA,NA,NA,-0.456381139,1.910929169,-6.77408831,4.189272918,-0.236896632,-5.079301224,2.879787935,-4.376665973,7.463811557,NA
Palau,PLW,Real interest rate (%),FR.INR.RINR,NA,NA,NA,NA,NA,NA,NA,NA,NA,NA,NA,NA,NA,NA,NA,NA,NA,NA,NA
Panama,PAN,Real interest rate (%),FR.INR.RINR,10.57892027,-3.548227928,8.879873298,9.721726365,9.13212665,11.87560643,9.841352317,8.764831092,8.696363412,6.726160356,6.797829985,6.152465374,5.072817964,2.495591358,7.01883409,5.198500627,0.619379189,2.206332908,NA
Papua New Guinea,PNG,Real interest rate (%),FR.INR.RINR,-2.339634378,11.2869505,1.865602224,2.759041425,7.046922551,3.92571826,8.692587774,1.423750329,7.406238639,15.55308067,-3.846865846,0.599424523,7.251934482,1.267265997,14.99935231,1.086016949,5.948318713,7.82,NA
Paraguay,PRY,Real interest rate (%),FR.INR.RINR,20.58739199,18.36440418,23.57165095,15.17311061,20.71919031,13.45787383,15.50914947,20.6281021,33.66740263,22.53349087,18.01913694,22.68058044,13.90127977,15.06534313,25.68919328,18.78928471,6.888268183,12.01629769,NA
Peru,PER,Real interest rate (%),FR.INR.RINR,20.54543134,18.95589973,21.73504241,24.82132461,29.93141766,25.40541455,23.21365579,20.1977667,17.76975315,17.41357729,21.93043396,15.58978769,20.19710857,20.70586668,17.93921685,14.09495695,13.28131327,17.30524789,NA
Philippines,PHL,Real interest rate (%),FR.INR.RINR,6.63062643,6.667883114,9.462382214,-4.57936545,4.870473676,4.916715438,6.491842172,4.777422863,6.07582317,4.323601484,4.116958779,4.601887334,5.433189672,1.117651519,5.636603047,3.310495795,2.54035617,3.707117331,NA
Poland,POL,Real interest rate (%),FR.INR.RINR,4.275482371,6.922126843,9.903846445,12.07567513,10.33174264,11.89055859,14.3799688,9.571035133,6.882684202,3.339406678,4.08006967,3.942427843,NA,NA,NA,NA,NA,NA,NA
Portugal,PRT,Real interest rate (%),FR.INR.RINR,10.02757514,9.173525005,5.026130157,3.321292245,1.830265503,NA,NA,NA,NA,NA,NA,NA,NA,NA,NA,NA,NA,NA,NA
Puerto Rico,PRI,Real interest rate (%),FR.INR.RINR,NA,NA,NA,NA,NA,NA,NA,NA,NA,NA,NA,NA,NA,NA,NA,NA,NA,NA,NA
Qatar,QAT,Real interest rate (%),FR.INR.RINR,NA,NA,NA,NA,NA,NA,NA,NA,NA,-3.941283045,-15.54469459,-9.564258384,-3.592933392,-13.02820549,41.31136696,-2.3405383,-13.05145662,-0.216728956,NA
Romania,ROM,Real interest rate (%),FR.INR.RINR,11.43974432,6.860852939,-30.23816824,0.060047518,12.09486395,6.651688269,5.790445414,9.720249564,1.173344426,9.189523307,6.508237647,2.887164365,0.2792433,-0.476008196,12.52772308,7.592277324,4.361799184,13.03626533,NA
Russian Federation,RUS,Real interest rate (%),FR.INR.RINR,72.25533064,69.27649109,14.75980531,19.61636343,-18.95163392,-9.633221273,1.217968156,0.179272026,-0.707559355,-7.349731969,-7.227427496,-4.120035742,-3.313656292,-4.861586927,13.05434309,-2.951623894,-6.127156621,0.597101355,NA
Rwanda,RWA,Real interest rate (%),FR.INR.RINR,NA,6.868452022,0.517635176,14.57699465,28.66085611,13.76913367,16.15762674,22.89377763,-4.594172696,2.484144441,6.034051275,5.694458626,4.917078344,2.772402569,6.464106781,13.84745664,NA,NA,NA
Samoa,WSM,Real interest rate (%),FR.INR.RINR,NA,NA,NA,NA,NA,NA,NA,8.864738651,8.700738339,4.105284725,10.47027009,2.268757419,8.007705799,7.115820008,8.827784542,9.17236011,7.6352138,8.0898001,NA
San Marino,SMR,Real interest rate (%),FR.INR.RINR,9.394126976,10.0501506,9.568661531,7.662802324,6.25822089,6.402960437,5.945977,5.445030456,4.954367677,5.10642366,5.199837367,4.671190447,5.742193314,4.516088015,NA,NA,NA,NA,NA
Sao Tome and Principe,STP,Real interest rate (%),FR.INR.RINR,NA,NA,NA,NA,NA,NA,NA,14.92998382,24.49042238,17.55111651,17.31819671,5.745959771,6.906115832,4.602242575,15.46268992,15.33514816,13.23301596,14.31069078,NA
Saudi Arabia,SAU,Real interest rate (%),FR.INR.RINR,NA,NA,NA,NA,NA,NA,NA,NA,NA,NA,NA,NA,NA,NA,NA,NA,NA,NA,NA
Senegal,SEN,Real interest rate (%),FR.INR.RINR,NA,NA,NA,NA,NA,NA,NA,NA,NA,NA,NA,NA,NA,NA,NA,NA,NA,NA,NA
Serbia,SRB,Real interest rate (%),FR.INR.RINR,NA,NA,NA,25.9799479,2.526557548,-40.0744911,-28.60305355,-2.315855496,2.429107972,2.961996845,0.994005416,3.610308636,0.935918577,3.124719661,5.539998816,11.83176612,8.090405904,11.2341234,NA
Seychelles,SYC,Real interest rate (%),FR.INR.RINR,16.00283518,18.64106434,12.83927343,9.51168464,8.982509265,9.315484484,4.853805394,6.078858419,4.390115782,-11.76545256,9.267881385,8.485236487,-0.820415611,-17.14862979,-9.53078703,17.64872983,5.569071501,-0.796814914,NA
Sierra Leone,SLE,Real interest rate (%),FR.INR.RINR,-3.566412808,1.961726597,21.13852795,0.047030662,8.225246385,22.23915831,-28.40156651,27.17119654,6.012398885,8.205919941,6.832610808,10.23587722,17.20214874,13.12893527,13.33638057,3.698556272,2.843157584,8.061838177,NA
Singapore,SGP,Real interest rate (%),FR.INR.RINR,3.441975427,5.154198272,5.017067423,8.919939008,11.11460354,2.118818744,8.049335834,6.280118477,6.918781898,0.878375222,3.161323581,3.199944189,-0.871677222,6.58710527,2.648628706,5.156616114,4.790537978,3.226650497,NA
Sint Maarten (Dutch part),SXM,Real interest rate (%),FR.INR.RINR,NA,NA,NA,NA,NA,NA,NA,NA,NA,NA,NA,NA,NA,NA,NA,NA,NA,NA,NA
Slovak Republic,SVK,Real interest rate (%),FR.INR.RINR,6.328018971,9.324995438,11.77245516,15.31637071,12.769205,5.001822799,5.925995347,6.13811154,2.990377004,3.043433284,4.19328208,4.596170164,6.800639467,2.820349681,NA,NA,NA,NA,NA
Slovenia,SVN,Real interest rate (%),FR.INR.RINR,-4.545151243,10.16273582,10.5966062,8.458316041,5.449601884,10.02070108,5.888957507,5.192259522,4.943686483,5.208812974,6.03967883,5.185094474,1.669848315,2.433605169,2.899522316,NA,NA,NA,NA
Solomon Islands,SLB,Real interest rate (%),FR.INR.RINR,8.732289612,4.043239572,8.861837904,8.893640465,10.77214603,3.500295616,10.42800581,2.130200953,12.78079872,6.64863943,8.372089644,9.263774211,-2.099479877,10.05300147,17.64480716,8.357534882,1.948679277,3.231034303,NA
Somalia,SOM,Real interest rate (%),FR.INR.RINR,NA,NA,NA,NA,NA,NA,NA,NA,NA,NA,NA,NA,NA,NA,NA,NA,NA,NA,NA
South Africa,ZAF,Real interest rate (%),FR.INR.RINR,6.93468007,10.57563847,11.00167636,13.07325214,10.20495096,5.229739007,5.669250183,4.515189452,8.913389928,4.625068,4.912838062,4.354789726,4.707408096,6.590861831,3.150199659,2.453410003,2.789509084,3.121421597,NA
South Sudan,SSD,Real interest rate (%),FR.INR.RINR,NA,NA,NA,NA,NA,NA,NA,NA,NA,NA,NA,NA,NA,NA,NA,NA,NA,NA,NA
Spain,ESP,Real interest rate (%),FR.INR.RINR,4.873138688,4.869616838,3.607443414,2.471958227,1.284279575,1.723052117,0.932851381,-0.045284866,NA,NA,NA,NA,NA,NA,NA,NA,NA,NA,NA
Sri Lanka,LKA,Real interest rate (%),FR.INR.RINR,7.990567395,6.713065354,5.292278784,5.321447296,10.1385272,8.283195611,5.037695756,1.215629384,4.941103959,0.614428648,0.312845407,1.413562672,2.673213601,2.204690476,9.247815027,2.719941773,1.424270474,4.0352082,NA
St. Kitts and Nevis,KNA,Real interest rate (%),FR.INR.RINR,10.47454734,11.05296332,6.053999626,7.897563676,10.21932534,-18.11036798,6.806602355,7.774929427,14.54181707,6.632182958,12.13002019,-2.512255652,2.529355079,6.014744136,8.782773514,8.088959913,8.019500047,5.99208402,NA
St. Lucia,LCA,Real interest rate (%),FR.INR.RINR,7.412877696,17.76585548,6.015965625,8.909950777,9.620417643,3.102318652,16.0832813,10.41522986,11.14951635,9.606960568,2.503379412,8.053482856,0.483561726,11.75461815,10.8176633,7.853269175,6.962689836,11.82242739,NA
St. Martin (French part),MAF,Real interest rate (%),FR.INR.RINR,NA,NA,NA,NA,NA,NA,NA,NA,NA,NA,NA,NA,NA,NA,NA,NA,NA,NA,NA
St. Vincent and the Grenadines,VCT,Real interest rate (%),FR.INR.RINR,2.401087095,6.695108784,21.09508505,7.940247254,11.54182662,-7.451884624,4.629484962,10.44358085,15.38759593,5.478476365,6.400463693,6.624121584,1.140233464,8.773680042,11.04307935,5.750148299,7.19142441,8.052273868,NA
Sudan,SDN,Real interest rate (%),FR.INR.RINR,NA,NA,NA,NA,NA,NA,NA,NA,NA,NA,NA,NA,NA,NA,NA,NA,NA,NA,NA
Suriname,SUR,Real interest rate (%),FR.INR.RINR,-62.5150551,22.21413352,30.64301972,27.38510783,-37.3463573,-16.67721716,-6.989640804,-16.30617977,-1.64916157,7.229822436,1.658005009,-18.34368343,6.898239666,-2.874922664,4.851802713,3.16905377,-1.03307081,0.067099089,NA
Swaziland,SWZ,Real interest rate (%),FR.INR.RINR,0.347010593,10.20065161,7.324234512,11.26082747,11.43266629,3.693979821,4.335532772,5.594039154,7.8257807,2.725561365,7.855342746,-5.463726569,8.67529878,1.371785918,5.033910908,10.82621392,2.510184629,0.421650348,NA
Sweden,SWE,Real interest rate (%),FR.INR.RINR,7.126586883,6.501590962,5.412245358,5.377359637,4.590673513,4.343562708,3.106107317,4.045218657,2.971578596,3.674886219,2.407061328,NA,NA,NA,NA,NA,NA,NA,NA
Switzerland,CHE,Real interest rate (%),FR.INR.RINR,4.705030552,4.778007535,4.043124583,4.477095772,3.666456688,2.742610504,3.016232913,3.298808659,2.42291029,2.337511706,2.861035124,0.805974757,0.627137074,0.54940511,3.210947689,2.388695006,2.334738646,2.582354656,NA
Syrian Arab Republic,SYR,Real interest rate (%),FR.INR.RINR,2.17085765,-5.950622053,2.819285346,9.327327157,1.449681017,-0.638996964,4.242805024,10.44145842,6.861551901,-2.564447937,-3.54251855,0.195058109,-1.60508874,-4.973439257,13.17656369,3.422471643,NA,NA,NA
Tajikistan,TJK,Real interest rate (%),FR.INR.RINR,NA,NA,6.227255099,-19.66571357,-0.215199369,2.382159626,-7.033483614,-3.452293238,-8.127845696,2.363931155,12.55573422,-5.500104577,-3.407952824,-3.415131296,8.928820011,10.42901936,10.15885067,11.91133856,NA
Tanzania,TZA,Real interest rate (%),FR.INR.RINR,12.58957616,12.27968756,4.712578398,-3.49209686,9.904284654,13.01958404,14.00848892,8.68260669,5.594363823,6.65094479,8.290013166,9.848427917,6.514326503,4.424810614,7.126185678,7.119161942,5.292291976,3.579168867,NA
Thailand,THA,Real interest rate (%),FR.INR.RINR,7.254736383,9.023669362,9.208076221,4.741088337,13.56517724,6.401004911,5.075492527,6.009056877,4.549111828,2.302152847,1.248564695,2.006092958,3.477130591,2.992711061,3.939173105,2.191527951,2.577569094,5.674698104,NA
Timor-Leste,TMP,Real interest rate (%),FR.INR.RINR,NA,NA,NA,NA,NA,NA,NA,NA,11.55857112,11.14620552,18.16160777,16.87280236,6.32346298,4.414062235,5.204331068,7.567764034,3.012206245,-1.502871003,NA
Togo,TGO,Real interest rate (%),FR.INR.RINR,NA,NA,NA,NA,NA,NA,NA,NA,NA,NA,NA,NA,NA,NA,NA,NA,NA,NA,NA
Tonga,TON,Real interest rate (%),FR.INR.RINR,13.86446839,5.567545888,12.01816649,8.811958131,4.622684869,8.011524582,7.860653813,2.397972991,1.839366279,5.807477504,5.476443564,-4.901703094,6.04332447,3.774627873,15.22300223,7.507128805,5.289840779,8.411162647,NA
Trinidad and Tobago,TTO,Real interest rate (%),FR.INR.RINR,10.71154743,10.30610579,14.21211755,19.15954105,8.436117595,3.231574245,12.44272453,18.72409553,1.238644712,2.791642344,-6.979899532,9.54791041,-0.888520811,-9.172622755,54.67761634,1.233005103,-7.623305691,10.49019493,NA
Tunisia,TUN,Real interest rate (%),FR.INR.RINR,NA,NA,NA,NA,NA,NA,NA,NA,NA,NA,NA,NA,NA,NA,NA,NA,NA,NA,NA
Turkey,TUR,Real interest rate (%),FR.INR.RINR,NA,NA,NA,NA,NA,NA,NA,NA,NA,NA,NA,NA,NA,NA,NA,NA,NA,NA,NA
Turkmenistan,TKM,Real interest rate (%),FR.INR.RINR,NA,NA,NA,NA,NA,NA,NA,NA,NA,NA,NA,NA,NA,NA,NA,NA,NA,NA,NA
Turks and Caicos Islands,TCA,Real interest rate (%),FR.INR.RINR,NA,NA,NA,NA,NA,NA,NA,NA,NA,NA,NA,NA,NA,NA,NA,NA,NA,NA,NA
Tuvalu,TUV,Real interest rate (%),FR.INR.RINR,NA,NA,NA,NA,NA,NA,NA,NA,NA,NA,NA,NA,NA,NA,NA,NA,NA,NA,NA
Uganda,UGA,Real interest rate (%),FR.INR.RINR,9.86141311,15.03424725,17.72687057,11.10068608,21.68683165,10.62161427,17.33449568,22.99559284,10.32903873,4.339243937,21.76555229,15.90900435,10.98058255,13.2429703,5.576317024,9.698544046,16.01601003,2.543609133,NA
Ukraine,UKR,Real interest rate (%),FR.INR.RINR,-56.82517682,8.268449577,26.29107537,37.92865101,21.62683796,14.95540058,20.31046872,19.24206813,8.939414997,1.950031384,-6.726593173,0.253237725,-7.212425994,-8.625505014,6.88906986,1.86194549,1.413168275,9.635557608,NA
United Arab Emirates,ARE,Real interest rate (%),FR.INR.RINR,NA,NA,NA,NA,1.293260977,-1.547978038,10.65205726,NA,NA,NA,NA,NA,NA,NA,NA,NA,NA,NA,NA
United Kingdom,GBR,Real interest rate (%),FR.INR.RINR,4.181558964,3.070886102,4.720504185,5.202440561,3.10024645,5.139482347,2.738190776,1.494618326,1.488955179,1.986008926,2.634628877,1.732794706,3.147770563,1.392773565,-1.567599446,-2.526018292,-1.770465298,-1.156138003,NA
United States,USA,Real interest rate (%),FR.INR.RINR,6.605386664,6.328888084,6.617484828,7.191400278,6.47359439,6.806467105,4.526824077,3.090854874,2.082496989,1.55611022,2.889106967,4.737728449,5.25661433,3.073968706,2.461369796,2.015138752,1.261309069,1.475911625,NA
Uruguay,URY,Real interest rate (%),FR.INR.RINR,36.87110201,47.06251054,31.14081715,37.37846332,43.80581259,41.0651664,41.71555543,93.91507816,36.38129894,12.3282787,12.84458548,2.550076187,-0.43664832,4.095474221,9.914350443,5.233381672,1.612867713,2.234811113,NA
Uzbekistan,UZB,Real interest rate (%),FR.INR.RINR,NA,NA,NA,NA,NA,NA,NA,NA,NA,NA,NA,NA,NA,NA,NA,NA,NA,NA,NA
Vanuatu,VUT,Real interest rate (%),FR.INR.RINR,8.638450338,8.251315638,7.096620433,2.58996487,7.001217719,7.50560848,4.907291985,4.500296285,5.07157678,5.372201934,7.015168256,4.211939564,2.550918769,-1.890794363,3.109551952,2.814360789,NA,NA,NA
"Venezuela, RB",VEN,Real interest rate (%),FR.INR.RINR,-7.917595471,-35.31445743,-10.64519029,23.09878633,4.701637098,-3.28587533,13.38442313,2.672189947,-7.218669896,-11.53910259,-9.872293159,-2.058999173,1.434858453,-5.964399617,11.18564461,-18.90855875,-8.583113847,2.034527031,NA
Vietnam,VNM,Real interest rate (%),FR.INR.RINR,NA,10.49086478,7.335317272,5.110481687,6.587525884,-0.935987892,6.567109833,3.925469924,2.424537286,0.448570687,1.667582352,2.401517261,1.413637869,-5.616335289,3.627938694,0.946596857,-3.551743869,2.294928962,NA
Virgin Islands (U.S.),VIR,Real interest rate (%),FR.INR.RINR,NA,NA,NA,NA,NA,NA,NA,NA,NA,NA,NA,NA,NA,NA,NA,NA,NA,NA,NA
West Bank and Gaza,WBG,Real interest rate (%),FR.INR.RINR,NA,NA,NA,NA,NA,NA,NA,NA,NA,NA,NA,NA,NA,NA,NA,NA,NA,NA,NA
"Yemen, Rep.",YEM,Real interest rate (%),FR.INR.RINR,NA,-3.889803638,8.143820141,28.8771592,-7.026456186,-3.084318613,14.35723398,8.275501073,6.409511239,3.844143697,-0.449960746,3.883621158,6.413407619,-1.977582126,29.25589151,-0.264074684,5.688111916,17.46213709,NA
Zambia,ZMB,Real interest rate (%),FR.INR.RINR,5.424613944,25.1158389,16.45010419,10.3014303,15.79248659,6.153185563,17.6705516,21.24485828,17.3856553,8.942576069,9.563286709,8.724424401,5.357972578,6.360586233,9.857312886,8.263372252,5.636790784,5.552910956,NA
Zimbabwe,ZWE,Real interest rate (%),FR.INR.RINR,30.7585189,23.16825837,36.47587263,94.72680407,43.8666959,67.15874238,38.20172555,32.87435307,81.3321256,252.1153203,219.2751117,NA,NA,NA,NA,NA,NA,NA,NA
