Date,Open,High,Low,Close,Volume
30-Dec-11,52111.76,52334.19,51013.40,51266.62,0
29-Dec-11,51563.51,52053.62,51116.72,52053.62,0
28-Dec-11,52403.32,52561.20,51452.00,51553.20,0
27-Dec-11,52453.86,52618.38,52202.75,52561.20,0
26-Dec-11,52235.82,52554.85,51948.62,52517.25,0
23-Dec-11,52032.55,52265.30,51591.56,51948.62,0
22-Dec-11,52013.51,52332.67,51301.20,51591.56,0
21-Dec-11,52458.60,52846.11,51507.11,51747.43,0
20-Dec-11,50958.05,52155.82,50639.56,52126.94,0
19-Dec-11,51450.31,51824.50,50684.01,50742.08,0
16-Dec-11,52250.03,52337.30,51551.49,51665.78,0
15-Dec-11,51530.00,52250.00,51088.40,51886.47,0
14-Dec-11,52323.74,52551.52,51158.49,51338.97,0
13-Dec-11,52457.95,52989.15,52117.13,52551.52,0
12-Dec-11,53736.23,53885.46,52328.16,52444.07,0
9-Dec-11,52655.86,53986.90,52655.86,53834.91,0
8-Dec-11,55189.29,55212.30,53316.73,53499.25,0
7-Dec-11,55128.77,55537.56,54377.55,55138.85,0
6-Dec-11,54780.41,55195.81,54300.14,54679.11,0
5-Dec-11,54928.94,55384.08,54725.02,55195.81,0
2-Dec-11,53986.17,55154.53,53941.90,54769.25,0
1-Dec-11,54412.80,54792.44,53636.62,53806.64,0
30-Nov-11,51743.00,54517.76,51640.47,54517.76,0
29-Nov-11,52283.58,52488.55,51582.08,52092.78,0
28-Nov-11,51575.94,52450.67,51071.22,52283.58,0
25-Nov-11,49621.67,51084.01,48812.40,51071.22,0
24-Nov-11,51091.51,51703.60,49621.67,49621.67,0
23-Nov-11,51986.38,53387.49,50656.59,51091.51,0
22-Nov-11,52752.15,54506.52,51497.34,51986.38,0
21-Nov-11,54434.68,54506.52,52589.31,52752.15,0
18-Nov-11,55089.82,55089.82,54344.70,54473.90,0
17-Nov-11,55927.45,56306.70,54923.02,55089.82,0
16-Nov-11,55922.53,56306.70,55285.04,55927.45,0
15-Nov-11,55875.72,56770.67,55285.04,55922.53,0
14-Nov-11,56619.84,56770.67,55714.89,55875.72,0
11-Nov-11,55540.67,56391.97,55540.67,56201.45,0
10-Nov-11,54997.15,55848.16,54874.86,55540.67,0
4-Nov-11,56522.77,56955.26,55815.34,56180.24,0
3-Nov-11,55721.42,56534.03,54861.12,56522.77,0
2-Nov-11,54851.52,55858.64,54490.08,55721.42,0
1-Nov-11,55203.32,55262.15,54121.84,54851.52,0
31-Oct-11,56611.30,56817.92,55874.24,56061.47,0
28-Oct-11,56616.81,57446.86,56616.81,57042.36,0
27-Oct-11,55469.92,56801.40,55469.92,56616.81,0
26-Oct-11,56278.39,56708.44,55339.26,55469.92,0
25-Oct-11,56259.37,57054.16,55889.56,56278.39,0
24-Oct-11,56743.16,57047.56,55451.05,56259.37,0
21-Oct-11,55904.51,56840.14,55387.64,56792.34,0
20-Oct-11,57798.73,57798.73,55723.28,55904.51,0
19-Oct-11,58750.59,59306.79,57670.41,57798.73,0
18-Oct-11,58442.44,58874.36,57839.99,58750.59,0
17-Oct-11,59300.29,59958.89,58331.87,58442.44,0
14-Oct-11,58543.37,59460.42,58470.04,59300.29,0
13-Oct-11,59420.26,59881.16,58342.10,58543.37,0
12-Oct-11,58664.09,59620.46,58664.09,59420.26,0
11-Oct-11,58327.63,58721.88,57970.22,58664.09,0
10-Oct-11,57338.78,58327.63,57338.78,58327.63,0
7-Oct-11,57228.53,57724.75,56507.83,57338.78,0
6-Oct-11,57311.22,58086.62,56905.20,57228.53,0
5-Oct-11,57209.16,58296.61,57183.39,57311.22,0
4-Oct-11,59459.66,59549.33,57209.16,57209.16,0
3-Oct-11,59693.43,60115.73,58712.55,59459.66,0
30-Sep-11,59758.18,59879.93,58363.63,59693.43,0
29-Sep-11,58988.46,60110.40,58988.46,59758.18,0
28-Sep-11,58261.27,59645.59,58034.67,58988.46,0
27-Sep-11,56801.20,58320.04,56801.20,58261.27,0
26-Sep-11,56323.38,57664.21,55009.29,56801.20,0
23-Sep-11,57979.90,58146.64,55682.81,56323.38,0
22-Sep-11,60827.89,60827.89,57789.10,57979.90,0
21-Sep-11,60889.08,61540.46,60395.56,60827.89,0
20-Sep-11,57933.24,61721.84,57836.25,60889.08,0
19-Sep-11,57896.50,58308.51,57344.09,57933.24,0
16-Sep-11,57115.64,58103.60,56908.76,57896.50,0
15-Sep-11,56121.89,57289.85,56121.89,57115.64,0
14-Sep-11,56650.62,57190.95,55882.45,56121.89,0
13-Sep-11,55604.81,56754.27,55491.83,56650.62,0
12-Sep-11,55902.98,55902.98,54518.96,55604.81,0
9-Sep-11,56691.98,56979.80,55447.12,55902.98,0
8-Sep-11,55238.22,56734.14,54916.68,56691.98,0
7-Sep-11,55019.78,55831.33,55016.39,55238.22,0
6-Sep-11,54734.55,55059.20,53885.94,55019.78,0
5-Sep-11,55375.28,55375.28,53906.52,54054.80,0
2-Sep-11,53946.09,55760.63,53946.09,55375.28,0
29-Aug-11,53707.56,54253.58,53624.99,53946.09,0
26-Aug-11,52967.67,53733.81,52908.74,53707.56,0
25-Aug-11,53055.09,53605.04,52941.98,52967.67,0
24-Aug-11,52411.48,53160.01,52124.38,53055.09,0
23-Aug-11,53287.03,53691.20,51868.13,52411.48,0
22-Aug-11,53061.74,53927.39,51569.96,53287.03,0
19-Aug-11,51945.93,53075.39,49930.66,53061.74,0
18-Aug-11,54217.83,54217.83,51187.66,51945.93,0
17-Aug-11,54097.43,54853.83,53416.19,54217.83,0
16-Aug-11,53485.34,54097.43,52420.81,54097.43,0
15-Aug-11,52188.65,53497.78,52188.65,53485.34,0
12-Aug-11,52017.02,52614.88,50501.08,52188.65,0
11-Aug-11,50307.63,52017.02,48600.16,52017.02,0
10-Aug-11,52961.21,54000.63,49193.24,50307.63,0
9-Aug-11,52283.50,52961.21,49492.61,52961.21,0
8-Aug-11,56265.52,56265.52,51687.50,52283.50,0
5-Aug-11,59325.99,59325.99,55625.45,56265.52,0
4-Aug-11,61315.08,61841.55,59134.05,59325.99,0
3-Aug-11,61758.61,61935.42,60757.52,61315.08,0
2-Aug-11,61926.61,62102.51,61374.36,61758.61,0
1-Aug-11,62295.68,62799.83,61618.88,61926.61,0
29-Jul-11,62530.88,62530.88,61700.22,62295.68,0
28-Jul-11,61181.55,62530.88,61011.46,62530.88,0
27-Jul-11,61388.64,62003.42,61036.90,61181.55,0
26-Jul-11,61047.65,61674.57,60698.37,61388.64,0
25-Jul-11,59802.32,61047.65,58486.41,61047.65,0
22-Jul-11,60882.33,61105.09,59560.67,59802.32,0
21-Jul-11,61636.83,61913.66,59434.48,60882.33,0
20-Jul-11,61840.10,62093.13,61407.92,61636.83,0
19-Jul-11,62024.97,62366.70,61589.78,61840.10,0
18-Jul-11,62635.13,62696.84,61861.70,62024.97,0
15-Jul-11,62743.81,62940.21,62343.20,62635.13,0
14-Jul-11,63261.06,63371.79,62687.99,62743.81,0
13-Jul-11,62689.79,63282.70,62664.33,63261.06,0
12-Jul-11,62909.49,62909.49,61801.59,62689.79,0
11-Jul-11,63596.17,63787.09,62874.58,62909.49,0
8-Jul-11,64100.82,64463.13,63512.93,63596.17,0
7-Jul-11,63240.11,64180.59,63045.28,64100.82,0
6-Jul-11,63866.26,63866.26,63170.53,63240.11,0
5-Jul-11,64186.73,64216.97,63684.45,63866.26,0
4-Jul-11,63264.51,64186.73,63264.51,64186.73,0
1-Jul-11,63269.40,63507.79,62871.48,63264.51,0
30-Jun-11,63002.88,63640.85,62909.54,63269.40,0
29-Jun-11,62819.08,63304.15,62684.55,63002.88,0
28-Jun-11,61953.26,62879.33,61953.26,62819.08,0
27-Jun-11,62072.64,62072.64,61542.65,61953.26,0
24-Jun-11,61589.91,62597.48,61589.91,62072.64,0
23-Jun-11,61217.96,61715.50,60465.07,61589.91,0
22-Jun-11,62033.24,62118.07,60998.22,61217.96,0
21-Jun-11,61007.73,62050.52,61007.73,62033.24,0
20-Jun-11,61716.68,61716.68,60311.28,61007.73,0
17-Jun-11,61116.74,61716.68,60815.75,61716.68,0
16-Jun-11,60938.92,61160.95,59840.38,61116.74,0
15-Jun-11,62185.54,62185.54,60443.96,60938.92,0
14-Jun-11,63523.22,63697.77,61840.75,62185.54,0
13-Jun-11,63700.30,64334.79,63495.15,63523.22,0
10-Jun-11,63670.08,64021.61,63476.45,63700.30,0
9-Jun-11,64067.11,64180.18,63548.56,63670.08,0
8-Jun-11,64463.23,64463.23,63804.36,64067.11,0
7-Jun-11,63516.83,64477.92,63516.83,64463.23,0
6-Jun-11,62806.94,63516.83,62806.94,63516.83,0
3-Jun-11,63112.60,63708.59,62162.89,62806.94,0
2-Jun-11,63224.65,63466.13,62386.11,63112.60,0
1-Jun-11,63046.02,63632.03,62627.99,63224.65,0
31-May-11,61491.71,63325.89,61491.71,63046.02,0
30-May-11,62407.42,62663.33,61138.86,61491.71,0
27-May-11,63755.35,64059.23,61854.09,62407.42,0
26-May-11,63609.31,64440.54,63609.31,63755.35,0
25-May-11,64561.40,65017.13,63528.96,63609.31,0
24-May-11,63209.88,64561.40,63158.73,64561.40,0
23-May-11,63298.58,63595.53,62534.87,63209.88,0
20-May-11,63733.16,63921.13,62512.03,63298.58,0
18-May-11,65385.38,65637.65,63586.05,63733.16,0
17-May-11,65417.92,65460.74,64679.71,65385.38,0
16-May-11,64585.22,65428.33,64048.07,65417.92,0
13-May-11,66535.13,66551.70,64503.00,64585.22,0
12-May-11,65643.34,66584.88,65128.94,66535.13,0
11-May-11,67259.99,67259.99,65517.05,65643.34,0
10-May-11,67956.47,68344.98,66919.05,67259.99,0
9-May-11,67956.47,68574.33,67943.89,67956.47,0
6-May-11,69374.88,69396.59,67968.14,68240.93,0
5-May-11,69437.55,69708.79,69193.30,69374.88,0
4-May-11,70072.02,70335.62,69326.54,69437.55,0
3-May-11,69522.42,70128.58,68957.82,70072.02,0
2-May-11,69250.14,69807.16,69250.14,69522.42,0
29-Apr-11,68440.24,69408.66,67890.88,69250.14,0
28-Apr-11,67792.69,68440.24,67345.55,68440.24,0
27-Apr-11,68056.25,68761.21,67586.80,67792.69,0
26-Apr-11,68870.67,68870.67,68325.22,68524.35,0
25-Apr-11,68691.77,69000.73,68597.95,68870.67,0
22-Apr-11,68565.60,68732.08,68430.39,68691.77,0
21-Apr-11,68054.04,68565.60,68054.04,68565.60,0
20-Apr-11,67742.07,68757.85,67742.07,68054.04,0
19-Apr-11,66607.58,67793.71,66607.58,67742.07,0
18-Apr-11,68450.46,68810.39,66283.40,66607.58,0
15-Apr-11,67959.50,68502.05,67922.20,68450.46,0
14-Apr-11,68203.43,68303.56,67583.63,67959.50,0
13-Apr-11,68006.89,68911.52,68006.89,68203.43,0
12-Apr-11,68194.72,68536.59,67594.48,68006.89,0
11-Apr-11,68093.26,68624.24,67727.37,68194.72,0
8-Apr-11,69490.47,69795.99,67883.93,68093.26,0
7-Apr-11,68649.24,69653.00,67886.87,69490.47,0
6-Apr-11,67689.46,68948.98,67689.46,68649.24,0
5-Apr-11,67581.95,68292.83,67377.92,67689.46,0
4-Apr-11,65714.40,67581.95,65480.35,67581.95,0
1-Apr-11,64434.51,65714.40,64206.00,65714.40,0
31-Mar-11,64565.63,64851.31,64318.94,64434.51,0
30-Mar-11,63763.80,64617.99,63763.80,64565.63,0
29-Mar-11,64261.33,64308.47,63357.80,63763.80,0
28-Mar-11,64247.00,64559.65,64085.37,64261.33,0
25-Mar-11,64355.86,64852.08,64094.67,64247.00,0
24-Mar-11,63719.64,64461.81,63324.67,64355.86,0
23-Mar-11,64874.57,65171.01,63346.24,63719.64,0
22-Mar-11,64215.67,65011.61,64215.67,64874.57,0
21-Mar-11,63839.27,64481.92,63657.88,64215.67,0
18-Mar-11,63482.21,64159.98,62595.24,63839.27,0
17-Mar-11,63280.42,64007.70,63182.61,63482.21,0
16-Mar-11,64213.93,65120.97,63200.53,63280.42,0
15-Mar-11,64530.05,64530.05,62500.66,64213.93,0
14-Mar-11,63781.67,64866.09,63756.16,64530.05,0
11-Mar-11,63169.22,63847.13,62705.75,63781.67,0
10-Mar-11,62483.83,63552.09,61837.70,63169.22,0
9-Mar-11,61301.65,62489.97,61301.65,62483.83,0
8-Mar-11,60217.58,61326.42,60217.58,61301.65,0
7-Mar-11,61112.83,61112.83,59424.15,60217.58,0
4-Mar-11,60387.04,61289.04,60302.08,61112.83,0
3-Mar-11,58664.24,60540.81,58664.24,60387.04,0
2-Mar-11,58709.33,59207.98,58068.41,58664.24,0
1-Mar-11,61283.87,61809.28,58684.73,58709.33,0
28-Feb-11,61367.34,61577.82,60534.90,61283.87,0
25-Feb-11,60760.82,61872.84,60760.82,61367.34,0
24-Feb-11,63131.68,63131.68,60547.40,60760.82,0
23-Feb-11,64658.76,64830.85,62737.98,63131.68,0
22-Feb-11,65129.00,65129.00,64030.61,64658.76,0
21-Feb-11,65985.76,65985.76,64987.08,65129.00,0
18-Feb-11,65973.16,66388.91,65759.63,65985.76,0
17-Feb-11,65361.78,65973.16,64999.38,65973.16,0
16-Feb-11,64802.14,65403.55,64668.54,65361.78,0
15-Feb-11,64568.86,65525.30,64373.12,64802.14,0
14-Feb-11,64730.35,65543.98,64489.28,64568.86,0
11-Feb-11,64421.53,64730.49,63994.63,64730.35,0
10-Feb-11,65569.61,65569.61,64405.25,64421.53,0
9-Feb-11,65254.13,66163.09,65129.48,65569.61,0
8-Feb-11,64905.59,65579.14,64905.59,65254.13,0
7-Feb-11,65309.00,65916.30,64644.55,64905.59,0
4-Feb-11,63727.95,65309.00,63147.96,65309.00,0
3-Feb-11,65307.14,65631.98,63640.94,63727.95,0
2-Feb-11,64822.62,65868.81,64822.62,65307.14,0
1-Feb-11,63278.07,64903.73,63278.07,64822.62,0
31-Jan-11,63211.27,63445.26,61957.01,63278.07,0
28-Jan-11,65038.59,65038.59,62889.29,63211.27,0
27-Jan-11,65960.95,66393.03,64898.42,65038.59,0
26-Jan-11,65152.90,66029.40,65152.90,65960.95,0
25-Jan-11,65201.71,65973.12,65037.92,65152.90,0
24-Jan-11,65927.31,66350.04,64958.74,65201.71,0
21-Jan-11,65288.03,66091.10,64471.70,65927.31,0
20-Jan-11,66462.89,66730.56,65059.28,65288.03,0
19-Jan-11,66428.29,67180.06,66344.91,66462.89,0
18-Jan-11,66831.36,67680.63,66428.29,66428.29,0
17-Jan-11,67879.62,67879.62,66721.84,66831.36,0
14-Jan-11,68575.47,68740.85,67563.04,67879.62,0
13-Jan-11,67923.91,68991.53,67923.91,68575.47,0
12-Jan-11,67668.96,68348.72,67442.59,67923.91,0
11-Jan-11,67874.68,68473.03,67300.87,67668.96,0
10-Jan-11,68770.29,68770.29,67671.97,67874.68,0
7-Jan-11,69311.23,69588.35,68553.43,68770.29,0
6-Jan-11,68828.96,69725.27,68828.96,69311.23,0
5-Jan-11,68221.86,68919.81,67816.64,68828.96,0
4-Jan-11,67607.90,68677.16,67607.90,68221.86,0
3-Jan-11,66004.48,67675.42,66004.48,67607.90,0
31-Dec-10,66822.14,67156.02,65928.59,66004.48,0
30-Dec-10,66719.67,67014.74,66452.57,66822.14,0
29-Dec-10,66441.93,66944.43,66098.36,66719.67,0
28-Dec-10,66356.58,67092.70,66087.12,66441.93,0
27-Dec-10,66267.34,66356.58,65258.89,66356.58,0
24-Dec-10,66218.98,66396.49,65892.13,66267.34,0
23-Dec-10,65440.22,66218.98,65440.22,66218.98,0
22-Dec-10,64819.64,65515.04,64651.36,65440.22,0
21-Dec-10,63501.58,64819.64,63501.58,64819.64,0
20-Dec-10,63524.18,63785.44,62436.72,63501.58,0
17-Dec-10,64429.48,65592.10,62867.75,63524.18,0
16-Dec-10,65499.20,65780.21,64388.25,64429.48,0
15-Dec-10,66509.71,66509.71,65391.25,65499.20,0
14-Dec-10,66380.44,66970.75,65853.27,66509.71,0
13-Dec-10,64759.02,66407.81,64327.88,66380.44,0
10-Dec-10,65913.89,66144.48,64629.40,64759.02,0
9-Dec-10,67704.61,68100.93,65545.02,65913.89,0
8-Dec-10,67873.47,68244.20,67196.52,67704.61,0
7-Dec-10,67712.10,68524.06,67697.48,67873.47,0
6-Dec-10,66860.19,67788.24,66860.19,67712.10,0
3-Dec-10,66939.08,67551.97,66679.05,66860.19,0
2-Dec-10,66156.19,67437.71,65931.92,66939.08,0
1-Dec-10,65350.85,66666.16,65342.06,66156.19,0
30-Nov-10,64072.16,65462.87,64051.58,65350.85,0
29-Nov-10,66147.74,66591.05,63834.77,64072.16,0
26-Nov-10,67148.87,67148.87,65406.38,66147.74,0
25-Nov-10,67230.72,67251.27,66571.56,67148.87,0
24-Nov-10,66335.42,67462.16,65460.10,67230.72,0
23-Nov-10,67926.47,67926.47,66022.47,66335.42,0
22-Nov-10,69998.07,71151.66,67901.60,67926.47,0
15-Nov-10,69553.08,70054.71,69048.57,69998.07,0
12-Nov-10,70084.95,70084.95,68561.46,69553.08,0
11-Nov-10,70561.03,71052.22,69786.65,70084.95,0
10-Nov-10,71543.26,71665.62,70455.39,70561.03,0
9-Nov-10,70941.06,71611.40,70699.56,71543.26,0
8-Nov-10,70779.15,70960.27,70095.87,70941.06,0
5-Nov-10,70905.39,71339.82,70598.84,70779.15,0
4-Nov-10,68604.63,70912.70,68604.63,70905.39,0
3-Nov-10,68522.21,68847.14,68192.38,68604.63,0
2-Nov-10,69074.33,69947.57,68146.31,68522.21,0
1-Nov-10,68760.46,69698.17,68760.46,69074.33,0
28-Oct-10,68588.51,68794.65,67312.11,68760.46,0
27-Oct-10,70746.73,70757.67,68117.01,68588.51,0
26-Oct-10,70923.84,71090.40,70268.84,70746.73,0
25-Oct-10,71006.82,71776.92,70815.19,70923.84,0
22-Oct-10,70450.31,71268.01,70061.63,71006.82,0
21-Oct-10,69364.54,70489.53,69305.30,70450.31,0
20-Oct-10,69838.75,70335.06,69184.58,69364.54,0
19-Oct-10,70457.99,70647.12,69429.31,69838.75,0
18-Oct-10,70101.22,70786.26,69760.66,70457.99,0
15-Oct-10,69225.72,70572.67,68672.75,70101.22,0
14-Oct-10,70166.89,70820.34,69121.99,69225.72,0
13-Oct-10,69675.08,70647.61,69631.63,70166.89,0
12-Oct-10,68999.96,70142.87,68433.24,69675.08,0
11-Oct-10,67217.24,69057.39,67217.24,68999.96,0
8-Oct-10,66758.97,67398.49,66118.73,67217.24,0
7-Oct-10,66879.74,67277.03,66524.52,66758.97,0
6-Oct-10,66283.23,67231.70,66283.23,66879.74,0
5-Oct-10,65414.95,66473.39,65264.67,66283.23,0
4-Oct-10,64882.72,65730.66,64709.13,65414.95,0
1-Oct-10,65774.37,66065.09,64726.91,64882.72,0
30-Sep-10,65551.38,66068.21,65262.58,65774.37,0
29-Sep-10,65589.87,66121.97,65186.59,65551.38,0
28-Sep-10,64627.29,65589.87,64294.37,65589.87,0
27-Sep-10,64241.48,64920.67,64231.09,64627.29,0
24-Sep-10,64192.60,64373.69,63646.26,64241.48,0
23-Sep-10,64479.14,64732.42,63354.21,64192.60,0
22-Sep-10,64124.73,64897.77,63681.08,64479.14,0
21-Sep-10,64289.57,64495.31,63899.88,64124.73,0
20-Sep-10,63862.03,64289.57,63486.34,64289.57,0
17-Sep-10,63732.81,64447.56,63495.63,63862.03,0
16-Sep-10,63397.71,63732.81,62830.13,63732.81,0
15-Sep-10,62478.98,63397.71,62302.73,63397.71,0
14-Sep-10,62260.11,62503.22,61972.03,62478.98,0
13-Sep-10,61514.30,62260.11,61434.16,62260.11,0
7-Sep-10,61100.96,61110.19,60433.42,60746.75,0
6-Sep-10,60998.84,61174.18,60590.39,61100.96,0
3-Sep-10,60865.73,61253.85,60673.97,60998.84,0
2-Sep-10,60685.50,60955.00,60394.97,60865.73,0
1-Sep-10,59972.59,60761.84,59534.92,60685.50,0
31-Aug-10,59345.93,59972.59,58811.03,59972.59,0
27-Aug-10,59058.09,59604.70,58996.02,59345.93,0
26-Aug-10,58285.65,59058.09,58285.65,59058.09,0
25-Aug-10,58623.20,59053.85,57927.41,58285.65,0
24-Aug-10,58890.46,58890.46,58017.46,58623.20,0
23-Aug-10,58749.93,59103.55,58407.34,58890.46,0
20-Aug-10,58849.39,59025.65,58370.46,58749.93,0
19-Aug-10,59443.43,59854.65,58595.39,58849.39,0
18-Aug-10,59462.92,59763.92,58952.93,59443.43,0
17-Aug-10,58822.82,59624.60,58822.82,59462.92,0
16-Aug-10,58479.86,58929.16,58122.18,58822.82,0
13-Aug-10,58383.71,59051.97,58098.09,58479.86,0
12-Aug-10,58154.66,58507.02,57955.18,58383.71,0
11-Aug-10,59169.61,59169.61,57654.55,58154.66,0
10-Aug-10,59885.66,59885.66,58871.14,59169.61,0
9-Aug-10,59753.02,60441.82,59753.02,59885.66,0
6-Aug-10,59603.14,60358.31,59181.94,59753.02,0
5-Aug-10,59880.68,60137.08,58967.43,59603.14,0
4-Aug-10,60078.50,60582.16,59803.41,59880.68,0
3-Aug-10,60693.24,60726.54,59777.94,60078.50,0
2-Aug-10,59866.75,60792.04,59866.75,60693.24,0
30-Jul-10,60737.28,60737.28,59178.18,59866.75,0
29-Jul-10,60404.33,60950.85,60404.33,60737.28,0
28-Jul-10,60328.94,60718.93,60025.74,60404.33,0
27-Jul-10,59507.68,60662.13,59507.68,60328.94,0
26-Jul-10,59299.53,59603.19,58961.69,59507.68,0
23-Jul-10,59919.48,60141.63,59008.66,59299.53,0
22-Jul-10,59494.67,60112.01,59303.61,59919.48,0
21-Jul-10,58227.81,59653.43,58227.81,59494.67,0
20-Jul-10,58114.43,58847.43,57511.68,58227.81,0
19-Jul-10,57729.36,58435.78,57392.52,58114.43,0
16-Jul-10,57689.93,58634.95,57674.76,57729.36,0
15-Jul-10,58301.34,59065.79,57481.81,57689.93,0
14-Jul-10,58278.67,58817.13,58051.10,58301.34,0
13-Jul-10,57569.84,58435.76,57252.79,58278.67,0
12-Jul-10,57150.90,57605.54,56658.46,57569.84,0
9-Jul-10,57345.59,57751.01,56561.22,57150.90,0
8-Jul-10,56798.55,57623.54,56798.55,57345.59,0
7-Jul-10,56787.75,56928.84,55967.53,56798.55,0
6-Jul-10,55715.50,56875.15,55715.50,56787.75,0
5-Jul-10,55636.45,56067.82,55488.43,55715.50,0
2-Jul-10,54534.28,55636.45,54534.28,55636.45,0
1-Jul-10,54839.46,54887.82,53911.38,54534.28,0
30-Jun-10,55215.32,55904.89,54536.63,54839.46,0
29-Jun-10,56433.12,56433.12,54926.78,55215.32,0
28-Jun-10,55864.24,56676.51,55864.24,56433.12,0
25-Jun-10,55915.67,56264.19,55637.09,55864.24,0
24-Jun-10,55906.38,56375.47,55344.33,55915.67,0
23-Jun-10,57007.01,57007.01,55620.63,55906.38,0
22-Jun-10,57277.18,57277.18,56493.12,57007.01,0
21-Jun-10,57034.47,57789.40,56675.16,57277.18,0
18-Jun-10,56891.01,57455.45,56576.96,57034.47,0
17-Jun-10,56402.91,57641.81,56378.52,56891.01,0
16-Jun-10,56421.32,57080.44,56064.01,56402.91,0
15-Jun-10,55688.81,56510.36,55194.72,56421.32,0
14-Jun-10,55131.63,55962.45,55131.63,55688.81,0
11-Jun-10,54861.83,55416.13,54583.39,55131.63,0
10-Jun-10,54304.92,55066.53,53772.76,54861.83,0
9-Jun-10,53664.36,54456.80,53393.38,54304.92,0
8-Jun-10,54306.63,54755.23,53392.60,53664.36,0
7-Jun-10,54612.93,54612.93,53205.91,54306.63,0
4-Jun-10,55407.21,55749.21,54136.45,54612.93,0
3-Jun-10,55212.50,56390.97,55212.50,55407.21,0
2-Jun-10,54460.36,55241.81,53942.64,55212.50,0
1-Jun-10,54384.94,54520.43,53287.09,54460.36,0
31-May-10,55233.68,55233.68,53888.60,54384.94,0
28-May-10,54497.95,55467.09,54497.95,55233.68,0
27-May-10,54103.50,54583.24,53885.81,54497.95,0
26-May-10,52257.07,54251.34,52257.07,54103.50,0
25-May-10,54558.16,54558.16,51757.20,52257.07,0
24-May-10,54111.60,54992.77,53761.47,54558.16,0
21-May-10,54449.88,54989.35,53365.20,54111.60,0
20-May-10,56978.25,56978.25,54248.20,54449.88,0
18-May-10,56071.09,57061.98,56071.09,56978.25,0
17-May-10,55747.88,56116.99,54507.22,56071.09,0
14-May-10,57929.65,58036.10,55590.23,55747.88,0
13-May-10,57976.46,58708.83,57387.30,57929.65,0
12-May-10,56461.72,58044.62,56461.72,57976.46,0
11-May-10,56448.00,56519.24,55460.73,56461.72,0
10-May-10,52686.97,56585.89,52686.97,56448.00,0
7-May-10,55763.57,55763.57,52570.52,52686.97,0
6-May-10,56441.12,56809.01,55595.42,55763.57,0
5-May-10,57341.03,57587.34,56112.15,56441.12,0
4-May-10,58400.21,58861.10,56862.19,57341.03,0
3-May-10,58959.10,58996.85,58305.32,58400.21,0
30-Apr-10,58702.82,59285.16,57988.79,58959.10,0
29-Apr-10,57933.09,58760.13,57899.42,58702.82,0
28-Apr-10,58217.40,58217.40,56867.01,57933.09,0
27-Apr-10,59043.16,59043.16,58017.70,58217.40,0
26-Apr-10,58338.36,59526.07,58338.36,59043.16,0
22-Apr-10,58450.85,58936.81,57814.29,58338.36,0
21-Apr-10,58886.09,59482.67,58161.41,58450.85,0
20-Apr-10,58153.03,59070.32,58153.03,58886.09,0
19-Apr-10,58223.53,58291.63,56770.58,58153.03,0
16-Apr-10,59055.09,59201.32,57946.94,58223.53,0
15-Apr-10,59330.34,59771.82,58623.85,59055.09,0
14-Apr-10,58075.39,59330.34,58075.39,59330.34,0
13-Apr-10,58821.64,58967.27,57759.01,58075.39,0
12-Apr-10,59185.30,59720.36,58574.51,58821.64,0
9-Apr-10,58412.05,59592.87,58412.05,59185.30,0
8-Apr-10,58645.61,58645.61,57905.89,58412.05,0
7-Apr-10,58406.36,58681.07,58013.26,58645.61,0
6-Apr-10,58644.98,58763.11,57752.14,58406.36,0
5-Apr-10,58059.86,58896.62,58059.86,58644.98,0
2-Apr-10,57708.21,58383.65,57642.32,58059.86,0
1-Apr-10,56538.37,57708.21,56538.37,57708.21,0
31-Mar-10,56754.41,57567.40,56303.03,56538.37,0
30-Mar-10,56668.20,57121.32,56454.53,56754.41,0
29-Mar-10,56610.66,57338.61,56244.68,56668.20,0
26-Mar-10,57044.66,57645.35,56198.32,56610.66,0
25-Mar-10,55136.60,57044.66,55136.60,57044.66,0
24-Mar-10,54351.70,55360.15,54269.08,55136.60,0
23-Mar-10,53892.39,54642.76,53892.39,54351.70,0
22-Mar-10,53436.96,53892.39,53063.43,53892.39,0
19-Mar-10,53534.39,53945.89,53212.34,53436.96,0
18-Mar-10,54303.66,54303.66,53281.80,53534.39,0
17-Mar-10,53233.26,54315.23,53233.26,54303.66,0
16-Mar-10,51971.37,53270.52,51971.37,53233.26,0
15-Mar-10,52232.99,52369.41,51780.85,51971.37,0
12-Mar-10,52376.55,52887.98,51962.16,52232.99,0
11-Mar-10,52753.00,52995.80,52036.49,52376.55,0
10-Mar-10,52959.96,52989.12,52135.10,52753.00,0
9-Mar-10,53296.54,53562.14,52193.32,52959.96,0
8-Mar-10,52625.63,53296.54,52528.74,53296.54,0
5-Mar-10,51440.71,52625.63,51440.71,52625.63,0
4-Mar-10,51699.06,51699.06,51056.25,51440.71,0
3-Mar-10,51476.11,51855.35,50913.81,51699.06,0
2-Mar-10,51183.73,51891.05,50847.25,51476.11,0
1-Mar-10,49705.49,51184.85,49705.49,51183.73,0
26-Feb-10,48739.43,50008.39,48447.32,49705.49,0
25-Feb-10,49659.56,50645.46,48080.16,48739.43,0
24-Feb-10,51416.56,51416.56,48691.32,49659.56,0
23-Feb-10,52592.88,53154.05,51180.88,51416.56,0
22-Feb-10,53318.97,54110.26,52326.81,52592.88,0
19-Feb-10,52449.80,53318.97,51298.22,53318.97,0
18-Feb-10,53273.30,53273.30,52085.10,52449.80,0
17-Feb-10,51748.50,53273.30,51748.50,53273.30,0
16-Feb-10,51334.42,52006.83,51210.54,51748.50,0
15-Feb-10,51063.82,51576.26,50959.01,51334.42,0
12-Feb-10,51381.04,52024.48,50702.37,51063.82,0
11-Feb-10,50567.50,51577.26,50567.50,51381.04,0
10-Feb-10,50826.36,51715.83,50314.10,50567.50,0
9-Feb-10,49933.38,51151.55,49933.38,50826.36,0
8-Feb-10,51454.89,51832.95,49432.48,49933.38,0
5-Feb-10,53463.88,53463.88,51089.26,51454.89,0
4-Feb-10,55068.70,55068.70,53217.12,53463.88,0
3-Feb-10,55147.64,55734.66,54926.30,55068.70,0
2-Feb-10,55526.01,55653.46,54854.39,55147.64,0
1-Feb-10,54650.58,55526.01,54492.35,55526.01,0
29-Jan-10,54770.46,54985.12,53906.42,54650.58,0
28-Jan-10,54071.02,55100.87,54071.02,54770.46,0
27-Jan-10,54317.48,54969.21,53875.28,54071.02,0
26-Jan-10,54281.00,54317.48,53149.01,54317.48,0
25-Jan-10,53997.49,54360.87,53586.51,54281.00,0
22-Jan-10,55301.18,55301.18,53476.60,53997.49,0
21-Jan-10,55469.20,55830.79,55097.57,55301.18,0
20-Jan-10,55159.60,55911.48,54850.99,55469.20,0
19-Jan-10,54550.83,55206.75,54027.07,55159.60,0
18-Jan-10,54005.65,54593.50,53864.24,54550.83,0
15-Jan-10,54740.60,54779.30,53620.04,54005.65,0
14-Jan-10,54627.19,55265.67,54460.34,54740.60,0
13-Jan-10,53676.35,54713.09,53345.17,54627.19,0
12-Jan-10,53921.06,54253.56,53478.15,53676.35,0
11-Jan-10,54797.90,55347.38,53757.69,53921.06,0
8-Jan-10,54972.94,55711.55,54575.53,54797.90,0
7-Jan-10,54547.36,54972.94,54019.63,54972.94,0
6-Jan-10,54115.05,54626.43,53765.12,54547.36,0
5-Jan-10,53368.16,54431.86,53368.16,54115.05,0
4-Jan-10,52825.02,53368.16,52410.14,53368.16,0
31-Dec-09,51668.41,53155.07,51668.41,52825.02,0
30-Dec-09,51786.04,52164.71,51258.26,51668.41,0
29-Dec-09,51619.41,52063.22,51314.74,51786.04,0
28-Dec-09,51661.34,52024.83,51496.00,51619.41,0
25-Dec-09,51460.70,51661.34,51032.37,51661.34,0
24-Dec-09,51162.24,51565.49,51078.97,51460.70,0
23-Dec-09,51532.52,51722.69,50999.24,51162.24,0
22-Dec-09,51280.90,51695.25,51051.16,51532.52,0
21-Dec-09,50138.45,51280.90,50138.45,51280.90,0
18-Dec-09,49963.21,50366.79,49908.81,50138.45,0
17-Dec-09,50817.25,50932.62,49693.83,49963.21,0
16-Dec-09,50449.52,50972.19,50375.96,50817.25,0
15-Dec-09,50198.39,50528.29,49760.30,50449.52,0
14-Dec-09,49386.42,50402.97,49318.46,50198.39,0
11-Dec-09,49594.50,49955.96,49000.80,49386.42,0
10-Dec-09,49184.95,49912.18,48750.88,49594.50,0
9-Dec-09,49591.37,49789.98,48813.28,49184.95,0
8-Dec-09,49915.76,50845.11,49220.74,49591.37,0
7-Dec-09,50101.98,50117.46,49228.35,49915.76,0
4-Dec-09,49677.20,50237.90,49264.65,50101.98,0
3-Dec-09,47898.19,49900.87,47898.19,49677.20,0
2-Dec-09,46083.95,47898.19,46083.95,47898.19,0
1-Dec-09,45350.17,46179.47,45046.44,46083.95,0
26-Nov-09,45538.66,45604.93,44873.95,45350.17,0
25-Nov-09,45513.50,46062.31,45081.86,45538.66,0
24-Nov-09,45801.42,46032.14,45014.56,45513.50,0
23-Nov-09,45230.95,45826.09,44678.51,45801.42,0
20-Nov-09,46114.59,46433.30,44798.01,45230.95,0
19-Nov-09,46419.87,46668.67,45635.88,46114.59,0
18-Nov-09,47243.23,47271.06,46112.48,46419.87,0
17-Nov-09,48775.29,48775.29,46844.68,47243.23,0
16-Nov-09,48441.90,49149.46,48403.45,48775.29,0
13-Nov-09,48746.03,49023.44,48003.76,48441.90,0
12-Nov-09,48864.00,49148.69,48246.54,48746.03,0
11-Nov-09,48135.09,49143.93,48135.09,48864.00,0
10-Nov-09,47774.52,48414.65,47750.15,48135.09,0
9-Nov-09,46969.89,48008.78,46969.89,47774.52,0
6-Nov-09,47298.04,47810.45,46666.02,46969.89,0
5-Nov-09,47281.44,47324.65,46284.54,47298.04,0
4-Nov-09,46335.05,47281.44,45855.92,47281.44,0
3-Nov-09,47456.11,47456.11,45815.66,46335.05,0
2-Nov-09,47184.71,47497.84,45832.17,47456.11,0
30-Oct-09,48906.95,50231.36,46857.66,47184.71,0
28-Oct-09,50400.57,50400.57,48683.39,48906.95,0
27-Oct-09,51230.09,51230.09,50014.77,50400.57,0
26-Oct-09,51380.65,51587.61,50922.15,51230.09,0
23-Oct-09,51016.84,51863.13,51016.84,51380.65,0
22-Oct-09,51295.19,51295.19,50698.62,51016.84,0
21-Oct-09,51050.87,51316.96,50451.57,51295.19,0
20-Oct-09,50286.89,51147.84,50286.89,51050.87,0
19-Oct-09,49790.74,50363.99,49789.17,50286.89,0
16-Oct-09,51017.87,51284.55,49705.00,49790.74,0
15-Oct-09,51026.08,51486.73,50514.76,51017.87,0
14-Oct-09,50071.55,51217.35,50071.55,51026.08,0
13-Oct-09,51002.98,51274.00,49911.32,50071.55,0
12-Oct-09,50217.50,51002.98,50130.11,51002.98,0
9-Oct-09,49879.86,50421.17,49464.67,50217.50,0
8-Oct-09,49036.08,50196.78,49036.08,49879.86,0
7-Oct-09,49466.05,50000.08,48730.09,49036.08,0
6-Oct-09,47948.41,49536.00,47948.41,49466.05,0
5-Oct-09,46856.94,47968.05,46680.23,47948.41,0
2-Oct-09,47804.39,47804.39,46169.41,46856.94,0
1-Oct-09,47910.30,48432.01,47611.28,47804.39,0
30-Sep-09,48364.83,48989.69,47763.95,47910.30,0
29-Sep-09,47815.93,48420.09,47815.93,48364.83,0
28-Sep-09,47624.97,47877.85,47314.56,47815.93,0
25-Sep-09,47980.31,48040.92,47295.78,47624.97,0
24-Sep-09,47549.30,48187.16,47229.53,47980.31,0
23-Sep-09,47161.22,47751.59,47149.66,47549.30,0
18-Sep-09,46965.56,47295.01,46388.07,47161.22,0
17-Sep-09,46680.66,47412.37,46499.88,46965.56,0
16-Sep-09,45911.46,46997.52,45911.46,46680.66,0
15-Sep-09,46490.66,46652.73,45692.17,45911.46,0
14-Sep-09,46583.50,46783.90,45936.71,46490.66,0
11-Sep-09,44924.12,46583.50,44924.12,46583.50,0
10-Sep-09,44585.14,45139.09,44130.19,44924.12,0
9-Sep-09,44846.03,44978.91,44206.66,44585.14,0
8-Sep-09,45273.98,45395.68,44529.10,44846.03,0
7-Sep-09,45160.51,45801.42,44851.73,45273.98,0
4-Sep-09,46146.03,46459.83,45086.92,45160.51,0
3-Sep-09,45761.03,46174.21,45100.61,46146.03,0
2-Sep-09,46935.62,46935.62,45109.02,45761.03,0
1-Sep-09,46551.19,47255.62,46202.87,46935.62,0
31-Aug-09,47559.69,47559.69,46307.76,46551.19,0
28-Aug-09,47383.77,48047.62,47218.81,47559.69,0
27-Aug-09,46959.82,47794.72,46959.82,47383.77,0
26-Aug-09,48073.35,48334.56,46736.62,46959.82,0
25-Aug-09,47771.85,48099.42,47179.23,48073.35,0
24-Aug-09,47170.07,48033.91,47022.59,47771.85,0
21-Aug-09,46555.79,47219.27,46132.52,47170.07,0
20-Aug-09,45645.00,46618.71,45645.00,46555.79,0
19-Aug-09,44233.36,45645.00,43852.10,45645.00,0
18-Aug-09,44290.90,44991.30,43966.25,44233.36,0
17-Aug-09,44302.92,44302.92,43102.54,44290.90,0
14-Aug-09,44484.23,45253.12,44069.08,44302.92,0
13-Aug-09,43889.75,45486.95,43889.75,44484.23,0
12-Aug-09,43678.98,43976.71,42524.92,43889.75,0
11-Aug-09,44685.62,44947.39,43343.98,43678.98,0
10-Aug-09,44767.58,45310.58,44452.71,44685.62,0
7-Aug-09,43836.03,44905.44,43320.62,44767.58,0
6-Aug-09,43899.44,44243.14,42794.88,43836.03,0
5-Aug-09,44696.51,45536.75,43708.00,43899.44,0
4-Aug-09,44613.74,44852.43,43912.78,44696.51,0
3-Aug-09,42641.26,44613.74,42592.09,44613.74,0
31-Jul-09,42182.11,43627.53,42072.74,42641.26,0
30-Jul-09,40376.64,42182.11,40376.64,42182.11,0
29-Jul-09,40001.65,40425.97,39519.78,40376.64,0
28-Jul-09,39840.52,40064.50,39531.85,40001.65,0
27-Jul-09,39395.38,40195.23,39395.38,39840.52,0
24-Jul-09,38901.97,39789.81,38901.97,39395.38,0
23-Jul-09,38189.08,38901.97,38189.08,38901.97,0
22-Jul-09,38007.79,38347.76,37920.52,38189.08,0
21-Jul-09,38250.18,38311.28,37786.03,38007.79,0
20-Jul-09,37726.69,38286.26,37726.69,38250.18,0
17-Jul-09,38156.32,38378.42,37587.17,37726.69,0
16-Jul-09,37914.02,38322.57,37708.32,38156.32,0
15-Jul-09,36701.20,37914.02,36701.20,37914.02,0
14-Jul-09,37004.58,37689.69,36587.43,36701.20,0
13-Jul-09,36780.49,37218.69,36275.32,37004.58,0
10-Jul-09,36987.68,37287.33,36497.39,36780.49,0
9-Jul-09,37155.95,37631.77,36955.69,36987.68,0
8-Jul-09,37212.46,37213.43,36730.93,37155.95,0
7-Jul-09,36758.82,37346.79,36715.55,37212.46,0
6-Jul-09,36797.55,36797.55,36262.13,36758.82,0
3-Jul-09,37038.21,37297.55,36686.12,36797.55,0
2-Jul-09,37245.86,37636.25,36891.93,37038.21,0
1-Jul-09,36949.20,37274.28,36854.07,37245.86,0
30-Jun-09,36841.11,37626.68,36757.88,36949.20,0
29-Jun-09,36755.90,37718.77,36601.40,36841.11,0
26-Jun-09,36327.65,37188.34,36327.65,36755.90,0
25-Jun-09,35758.67,36375.12,35751.07,36327.65,0
24-Jun-09,34909.06,35786.64,34909.06,35758.67,0
23-Jun-09,35407.21,35407.21,34638.98,34909.06,0
22-Jun-09,35819.93,36027.22,35277.39,35407.21,0
19-Jun-09,35715.56,36000.34,35198.20,35819.93,0
18-Jun-09,34595.39,35715.56,34587.66,35715.56,0
17-Jun-09,34537.04,34870.36,34450.07,34595.39,0
16-Jun-09,34690.77,34771.46,34328.31,34537.04,0
15-Jun-09,34816.71,34904.97,34483.07,34690.77,0
12-Jun-09,34723.84,35042.73,34570.66,34816.71,0
11-Jun-09,34389.34,34778.66,34202.53,34723.84,0
10-Jun-09,33806.65,34548.40,33806.65,34389.34,0
9-Jun-09,33655.59,34006.97,33264.78,33806.65,0
8-Jun-09,34750.19,34750.19,33496.90,33655.59,0
5-Jun-09,34268.89,35027.40,34207.76,34750.19,0
4-Jun-09,34932.23,34999.76,34044.59,34268.89,0
3-Jun-09,35722.20,35949.14,34795.44,34932.23,0
2-Jun-09,36001.65,36214.16,35575.33,35722.20,0
1-Jun-09,35002.99,36001.65,35002.99,36001.65,0
29-May-09,35021.01,35644.74,34836.24,35002.99,0
28-May-09,35168.73,35229.27,34704.94,35021.01,0
27-May-09,34860.56,35609.07,34832.23,35168.73,0
26-May-09,35407.68,35720.06,34381.35,34860.56,0
25-May-09,35014.50,35407.68,34716.48,35407.68,0
22-May-09,34720.55,35253.16,34713.92,35014.50,0
21-May-09,35139.70,35384.07,34498.09,34720.55,0
20-May-09,33666.08,35223.45,33666.08,35139.70,0
18-May-09,33484.52,33666.08,32725.06,33666.08,0
15-May-09,33094.92,33803.08,32914.07,33484.52,0
14-May-09,32828.90,33124.93,32267.66,33094.92,0
13-May-09,33043.28,33817.77,32606.37,32828.90,0
12-May-09,32203.06,33466.74,32099.59,33043.28,0
11-May-09,32805.72,33079.52,32032.97,32203.06,0
8-May-09,32842.61,33276.38,31958.32,32805.72,0
7-May-09,33716.92,34835.66,32776.57,32842.61,0
6-May-09,33014.23,33863.70,32594.94,33716.92,0
5-May-09,32170.71,33334.23,32170.71,33014.23,0
4-May-09,31651.81,32385.07,31651.81,32170.71,0
1-May-09,31651.81,31819.43,31212.04,31651.81,0
30-Apr-09,30746.39,31819.43,30746.39,31651.81,0
29-Apr-09,29189.01,30787.45,29189.01,30746.39,0
28-Apr-09,29552.26,29563.76,28971.37,29189.01,0
27-Apr-09,29675.55,29792.01,29195.34,29552.26,0
24-Apr-09,28956.83,29718.61,28956.83,29675.55,0
22-Apr-09,28678.57,29269.06,28678.57,28956.83,0
21-Apr-09,28548.43,28737.18,28071.94,28678.57,0
20-Apr-09,29445.96,29792.81,28416.53,28548.43,0
17-Apr-09,29523.15,29896.64,29336.44,29445.96,0
16-Apr-09,28324.29,29531.55,28324.29,29523.15,0
15-Apr-09,28160.81,28401.50,27749.05,28324.29,0
14-Apr-09,28446.99,28891.98,27960.24,28160.81,0
13-Apr-09,28838.28,29097.04,28367.32,28446.99,0
10-Apr-09,28546.46,28894.46,28345.10,28838.28,0
9-Apr-09,27653.58,28552.29,27653.58,28546.46,0
8-Apr-09,26377.63,27653.58,25979.15,27653.58,0
7-Apr-09,26650.66,26817.78,26254.46,26377.63,0
6-Apr-09,26631.06,27255.26,26523.31,26650.66,0
3-Apr-09,26771.17,27180.61,26479.49,26631.06,0
2-Apr-09,25943.57,26776.49,25943.57,26771.17,0
1-Apr-09,25764.83,26014.84,25558.15,25943.57,0
31-Mar-09,25143.61,25764.83,25131.38,25764.83,0
30-Mar-09,25697.25,25697.25,24846.07,25143.61,0
27-Mar-09,25409.83,25697.25,25396.55,25697.25,0
26-Mar-09,25536.39,25753.81,25356.23,25409.83,0
25-Mar-09,25001.59,25543.31,24901.74,25536.39,0
24-Mar-09,24919.26,25531.98,24867.49,25001.59,0
23-Mar-09,24038.89,24919.26,24038.89,24919.26,0
20-Mar-09,23968.83,24105.50,23760.48,24038.89,0
19-Mar-09,23497.17,24114.87,23497.17,23968.83,0
18-Mar-09,23452.76,23735.86,23243.22,23497.17,0
17-Mar-09,23620.31,23620.31,23286.42,23452.76,0
16-Mar-09,23615.25,23895.95,23488.07,23620.31,0
13-Mar-09,23539.49,24040.54,23539.49,23615.25,0
12-Mar-09,23282.57,23539.49,22583.11,23539.49,0
11-Mar-09,23315.43,23693.19,23195.29,23282.57,0
10-Mar-09,23054.97,23391.75,22913.62,23315.43,0
9-Mar-09,23220.02,23389.17,22658.75,23054.97,0
6-Mar-09,23035.95,23220.02,22721.34,23220.02,0
5-Mar-09,23940.66,23993.67,22896.03,23035.95,0
4-Mar-09,23751.96,24020.24,23679.65,23940.66,0
3-Mar-09,23699.93,23774.32,23485.55,23751.96,0
2-Mar-09,24026.59,24026.59,23424.85,23699.93,0
27-Feb-09,24168.57,24168.57,23637.82,24026.59,0
26-Feb-09,24152.34,24343.56,24034.66,24168.57,0
25-Feb-09,24032.46,24544.42,24032.46,24152.34,0
24-Feb-09,23991.03,24068.71,23436.60,24032.46,0
23-Feb-09,23579.48,24196.58,23579.48,23991.03,0
20-Feb-09,24439.91,24439.91,23453.10,23579.48,0
19-Feb-09,23844.72,24527.99,23844.72,24439.91,0
18-Feb-09,23907.55,24182.75,23160.00,23844.72,0
17-Feb-09,24911.52,24911.52,23754.50,23907.55,0
16-Feb-09,25199.53,25199.53,24720.70,24911.52,0
13-Feb-09,25023.08,25544.96,24961.38,25199.53,0
12-Feb-09,25398.42,25674.78,24899.20,25023.08,0
11-Feb-09,25966.12,25966.12,24974.76,25398.42,0
10-Feb-09,27040.47,27040.47,25904.60,25966.12,0
9-Feb-09,26735.21,27131.87,26735.21,27040.47,0
6-Feb-09,25774.21,26783.85,25774.21,26735.21,0
5-Feb-09,26141.06,26141.06,25669.31,25774.21,0
4-Feb-09,25659.90,26307.99,25659.90,26141.06,0
3-Feb-09,25270.81,25874.04,25270.81,25659.90,0
2-Feb-09,25934.37,25934.37,25234.77,25270.81,0
30-Jan-09,26162.99,26162.99,25567.40,25934.37,0
29-Jan-09,26705.62,26705.62,26011.12,26162.99,0
28-Jan-09,25798.26,26772.48,25798.26,26705.62,0
27-Jan-09,25970.00,26259.62,25479.97,25798.26,0
26-Jan-09,24781.83,25970.00,24781.83,25970.00,0
23-Jan-09,24641.93,24836.64,24332.58,24781.83,0
22-Jan-09,24736.12,25305.27,24489.94,24641.93,0
21-Jan-09,24714.74,24736.12,24035.25,24736.12,0
20-Jan-09,25055.88,25428.04,24649.84,24714.74,0
19-Jan-09,25630.96,25882.81,24883.87,25055.88,0
16-Jan-09,25072.30,25992.08,25072.30,25630.96,0
15-Jan-09,25055.71,25556.11,24833.88,25072.30,0
14-Jan-09,26108.72,26400.82,25012.33,25055.71,0
13-Jan-09,25708.56,26166.08,25196.82,26108.72,0
12-Jan-09,26470.08,26470.08,25582.54,25708.56,0
9-Jan-09,26210.37,27088.83,26210.37,26470.08,0
8-Jan-09,27892.65,27892.65,26120.63,26210.37,0
7-Jan-09,28709.41,28709.41,27727.37,27892.65,0
6-Jan-09,27988.65,28732.54,27988.65,28709.41,0
5-Jan-09,27005.63,28096.34,27005.63,27988.65,0
2-Jan-09,26864.07,27332.12,26864.07,27005.63,0
31-Dec-08,26411.09,27228.28,26221.11,26864.07,0
30-Dec-08,26423.64,26656.14,26399.22,26411.09,0
29-Dec-08,26498.96,26816.32,26327.82,26423.64,0
26-Dec-08,26059.14,26568.63,26059.14,26498.96,0
25-Dec-08,26054.96,26149.34,25922.98,26059.14,0
24-Dec-08,26294.15,26383.64,25966.21,26054.96,0
23-Dec-08,26199.00,26371.09,26040.66,26294.15,0
22-Dec-08,26205.40,26336.86,26020.17,26199.00,0
19-Dec-08,26395.50,26750.38,26018.85,26205.40,0
18-Dec-08,26765.07,26965.75,26364.20,26395.50,0
17-Dec-08,26395.82,27034.20,26393.87,26765.07,0
16-Dec-08,25598.47,26395.82,25479.42,26395.82,0
15-Dec-08,24936.93,26004.21,24936.93,25598.47,0
12-Dec-08,24034.70,24998.55,24034.70,24936.93,0
5-Dec-08,24670.97,24670.97,23847.15,24034.70,0
4-Dec-08,23936.73,24741.86,23936.73,24670.97,0
3-Dec-08,24425.48,24724.52,23813.91,23936.73,0
2-Dec-08,23245.80,24666.14,23078.81,24425.48,0
1-Dec-08,25714.98,25714.98,24254.02,24331.78,0
28-Nov-08,25383.43,25846.84,24947.94,25714.98,0
27-Nov-08,24408.58,25547.94,24408.58,25383.43,0
26-Nov-08,24424.59,24432.33,23836.36,24408.58,0
25-Nov-08,24137.02,24676.40,23853.55,24424.59,0
24-Nov-08,21965.96,24259.48,21965.96,24137.02,0
21-Nov-08,21228.27,22257.85,21228.27,21965.96,0
20-Nov-08,21929.27,21929.27,20912.19,21228.27,0
19-Nov-08,23495.05,23517.49,21835.95,21929.27,0
18-Nov-08,24046.50,24046.50,22904.59,23495.05,0
17-Nov-08,25425.26,25425.26,23945.36,24046.50,0
14-Nov-08,25099.98,25768.30,25099.98,25425.26,0
13-Nov-08,25342.50,25342.50,24501.04,25099.98,0
12-Nov-08,25889.18,26082.73,25009.08,25342.50,0
11-Nov-08,26797.90,26797.90,25777.30,25889.18,0
10-Nov-08,26648.17,27666.53,26648.17,26797.90,0
7-Nov-08,27373.73,27559.11,26506.08,26648.17,0
6-Nov-08,27855.92,27855.92,26855.71,27373.73,0
5-Nov-08,29343.35,29363.16,27855.92,27855.92,0
4-Nov-08,27987.65,29400.10,27617.12,29343.35,0
3-Nov-08,27832.93,28608.11,27781.97,27987.65,0
31-Oct-08,26733.49,27859.21,26228.50,27832.93,0
30-Oct-08,24895.16,27181.60,24895.16,26733.49,0
28-Oct-08,24336.73,25043.84,24336.73,24895.16,0
27-Oct-08,24176.68,24435.83,23445.16,24336.73,0
24-Oct-08,25040.81,25040.81,23571.64,24176.68,0
23-Oct-08,25624.27,26021.11,24084.11,25040.81,0
22-Oct-08,26723.30,26723.30,25578.58,25624.27,0
21-Oct-08,26763.55,27979.34,26655.22,26723.30,0
20-Oct-08,25870.17,26812.13,25854.97,26763.55,0
17-Oct-08,27600.71,28120.29,25832.89,25870.17,0
16-Oct-08,29443.71,29443.71,27011.77,27600.71,0
15-Oct-08,30536.15,30536.15,29180.46,29443.71,0
14-Oct-08,28961.94,30875.60,28961.94,30536.15,0
13-Oct-08,28495.93,30190.19,28495.93,28961.94,0
10-Oct-08,30878.71,30878.71,28079.98,28495.93,0
9-Oct-08,30772.63,31596.54,30590.82,30878.71,0
8-Oct-08,31561.87,31561.87,28911.16,30772.63,0
7-Oct-08,31574.74,32491.99,31182.40,31561.87,0
6-Oct-08,34553.00,34553.00,31463.49,31574.74,0
3-Oct-08,36051.30,36051.30,33592.40,34553.00,0
29-Sep-08,36556.61,36556.61,35615.63,36051.30,0
26-Sep-08,36361.84,36556.61,35462.63,36556.61,0
25-Sep-08,35177.11,36382.66,35014.79,36361.84,0
24-Sep-08,35454.17,35874.77,34703.36,35177.11,0
23-Sep-08,36183.62,36183.62,34764.18,35454.17,0
22-Sep-08,36370.16,36663.88,35634.82,36183.62,0
19-Sep-08,32216.43,36864.33,32216.43,36370.16,0
18-Sep-08,32727.57,32865.95,30971.24,32216.43,0
17-Sep-08,33736.35,34952.15,32094.05,32727.57,0
16-Sep-08,35081.44,35081.44,33359.44,33736.35,0
15-Sep-08,37033.87,37033.87,34668.69,35081.44,0
12-Sep-08,37388.13,38160.63,36779.67,37033.87,0
11-Sep-08,39294.96,39294.96,37143.33,37388.13,0
10-Sep-08,40124.57,40124.57,39147.39,39294.96,0
9-Sep-08,40517.08,40882.28,39841.97,40124.57,0
8-Sep-08,39115.63,40754.32,39115.63,40517.08,0
5-Sep-08,39556.37,39556.37,38492.32,39115.63,0
4-Sep-08,40328.52,40367.01,39406.08,39556.37,0
3-Sep-08,40437.07,40437.07,39678.90,40328.52,0
2-Sep-08,39456.77,40442.61,38999.65,40437.07,0
1-Sep-08,39844.48,39844.48,38957.29,39456.77,0
29-Aug-08,40149.97,40501.40,39652.41,39844.48,0
28-Aug-08,39576.03,40165.05,39452.69,40149.97,0
27-Aug-08,40097.46,40357.46,39406.80,39576.03,0
26-Aug-08,40691.50,40691.50,39882.64,40097.46,0
25-Aug-08,40894.27,41265.34,40541.30,40691.50,0
22-Aug-08,39569.58,41034.97,39569.58,40894.27,0
21-Aug-08,39801.35,40013.28,39198.07,39569.58,0
20-Aug-08,40488.11,40732.67,39568.84,39801.35,0
19-Aug-08,41946.90,41946.90,40386.90,40488.11,0
18-Aug-08,42194.42,42361.53,41797.15,41946.90,0
15-Aug-08,41710.52,42408.21,41710.52,42194.42,0
14-Aug-08,41253.85,41977.88,41253.85,41710.52,0
13-Aug-08,41461.84,41477.00,41026.62,41253.85,0
12-Aug-08,41733.27,41933.99,41284.80,41461.84,0
11-Aug-08,40949.91,41733.27,40949.91,41733.27,0
8-Aug-08,41627.66,41789.01,40770.59,40949.91,0
7-Aug-08,42075.85,42235.97,41270.95,41627.66,0
6-Aug-08,42237.75,43126.00,41905.06,42075.85,0
5-Aug-08,43259.37,43330.64,42092.96,42237.75,0
4-Aug-08,42984.66,43602.29,42712.66,43259.37,0
1-Aug-08,42200.75,42984.66,41722.47,42984.66,0
31-Jul-08,41342.30,43285.60,41342.30,42200.75,0
30-Jul-08,39153.74,41435.04,39153.74,41342.30,0
29-Jul-08,38120.94,39153.74,37467.79,39153.74,0
28-Jul-08,37556.95,38233.85,37079.44,38120.94,0
25-Jul-08,38944.38,38944.38,37160.89,37556.95,0
24-Jul-08,38555.56,39064.48,38420.36,38944.38,0
23-Jul-08,37616.17,38687.23,37616.17,38555.56,0
22-Jul-08,38703.75,38703.75,37497.49,37616.17,0
21-Jul-08,37946.57,38924.81,37946.57,38703.75,0
18-Jul-08,37695.26,38782.98,37481.08,37946.57,0
17-Jul-08,36374.36,38025.09,36374.36,37695.26,0
16-Jul-08,35254.97,36374.36,35254.97,36374.36,0
15-Jul-08,35826.27,35826.27,34980.32,35254.97,0
14-Jul-08,35006.46,36150.20,35006.46,35826.27,0
11-Jul-08,35574.64,35819.93,34494.20,35006.46,0
10-Jul-08,35603.27,36039.19,35105.76,35574.64,0
9-Jul-08,34894.68,35994.54,34894.68,35603.27,0
8-Jul-08,35010.04,35010.04,34149.21,34894.68,0
7-Jul-08,34300.37,35102.10,34300.37,35010.04,0
4-Jul-08,33919.76,34567.66,33919.76,34300.37,0
3-Jul-08,33566.40,34450.22,32645.90,33919.76,0
2-Jul-08,33208.24,33855.14,32687.66,33566.40,0
1-Jul-08,35089.53,35089.53,32880.02,33208.24,0
30-Jun-08,35829.40,36283.01,34879.48,35089.53,0
27-Jun-08,36578.95,36578.95,35414.55,35829.40,0
26-Jun-08,37572.64,37572.64,36488.26,36578.95,0
25-Jun-08,37275.87,37588.60,37213.50,37572.64,0
24-Jun-08,37583.67,37735.55,36738.26,37275.87,0
23-Jun-08,37912.85,38064.77,37265.19,37583.67,0
20-Jun-08,38006.96,38512.07,37797.54,37912.85,0
19-Jun-08,38136.78,38269.58,37710.54,38006.96,0
18-Jun-08,38724.11,38753.55,38043.87,38136.78,0
17-Jun-08,38465.62,39041.85,38319.75,38724.11,0
16-Jun-08,38295.72,38930.23,38152.52,38465.62,0
13-Jun-08,38593.64,38761.26,38006.77,38295.72,0
12-Jun-08,38238.42,38756.60,37965.38,38593.64,0
11-Jun-08,38655.10,39056.27,38130.09,38238.42,0
10-Jun-08,39061.71,39061.71,38041.60,38655.10,0
9-Jun-08,39645.54,39645.54,38843.51,39061.71,0
6-Jun-08,40463.96,40564.72,39527.65,39645.54,0
5-Jun-08,39832.10,40830.39,39832.10,40463.96,0
4-Jun-08,40451.73,40488.74,39733.75,39832.10,0
3-Jun-08,40121.15,40689.75,39665.73,40451.73,0
2-Jun-08,39969.63,40337.58,39478.02,40121.15,0
30-May-08,39086.47,40326.03,39086.47,39969.63,0
29-May-08,39384.87,39712.56,38946.88,39086.47,0
28-May-08,40189.29,40244.17,39259.05,39384.87,0
27-May-08,39439.35,40263.55,39439.35,40189.29,0
26-May-08,39960.99,39960.99,39032.18,39439.35,0
23-May-08,40752.45,40796.19,39744.56,39960.99,0
22-May-08,41011.25,41021.37,40546.80,40752.45,0
21-May-08,41296.50,41678.71,40597.21,41011.25,0
20-May-08,42498.82,42604.21,41291.48,41296.50,0
16-May-08,42624.17,42954.60,42363.80,42498.82,0
15-May-08,42522.74,42692.39,42089.05,42624.17,0
14-May-08,41831.11,42606.36,41806.27,42522.74,0
13-May-08,41638.52,42112.09,41407.02,41831.11,0
12-May-08,42034.70,42361.07,41486.33,41638.52,0
9-May-08,42310.37,42310.37,41446.46,42034.70,0
8-May-08,43272.46,43272.46,41982.37,42310.37,0
7-May-08,42896.17,43316.29,42725.75,43272.46,0
6-May-08,43457.86,43736.17,42699.13,42896.17,0
5-May-08,43425.85,43610.31,43136.05,43457.86,0
2-May-08,42664.37,43455.10,42602.82,43425.85,0
1-May-08,43468.12,43468.12,42483.27,42664.37,0
30-Apr-08,43054.48,43752.00,42396.86,43468.12,0
29-Apr-08,43613.96,43613.96,42889.78,43054.48,0
28-Apr-08,43593.80,43995.70,43450.13,43613.96,0
25-Apr-08,43190.25,43896.91,43190.25,43593.80,0
24-Apr-08,42827.71,43483.18,42377.86,43190.25,0
22-Apr-08,43065.24,43211.90,42651.73,42827.71,0
21-Apr-08,42641.06,43065.24,42304.67,43065.24,0
18-Apr-08,41601.82,42671.36,41449.77,42641.06,0
17-Apr-08,41555.97,41917.35,41312.93,41601.82,0
16-Apr-08,41584.13,41961.23,41245.70,41555.97,0
15-Apr-08,41747.30,41982.00,41190.91,41584.13,0
14-Apr-08,41980.11,41980.11,41083.87,41747.30,0
11-Apr-08,42096.46,43153.74,41719.47,41980.11,0
10-Apr-08,42900.49,43173.29,42033.24,42096.46,0
9-Apr-08,42170.18,43147.25,41966.44,42900.49,0
8-Apr-08,42277.15,42582.76,41801.10,42170.18,0
7-Apr-08,41362.71,42460.81,41362.71,42277.15,0
4-Apr-08,40160.13,41362.71,40160.13,41362.71,0
3-Apr-08,40985.20,41806.12,40075.85,40160.13,0
2-Apr-08,40674.17,41868.28,40674.17,40985.20,0
1-Apr-08,39015.44,40706.59,38464.31,40674.17,0
31-Mar-08,39501.17,39501.17,38174.27,39015.44,0
28-Mar-08,40634.89,41013.05,39382.04,39501.17,0
27-Mar-08,40658.47,41590.04,40532.84,40634.89,0
26-Mar-08,40992.42,41264.75,40337.13,40658.47,0
25-Mar-08,41143.60,41641.92,40739.26,40992.42,0
24-Mar-08,39719.08,41155.56,39642.77,41143.60,0
21-Mar-08,39847.79,40440.61,39545.95,39719.08,0
20-Mar-08,40907.00,40907.00,39460.36,39847.79,0
19-Mar-08,40720.27,41556.06,40548.43,40907.00,0
18-Mar-08,39409.41,40874.94,39261.88,40720.27,0
17-Mar-08,42585.91,42585.91,38527.01,39409.41,0
14-Mar-08,42421.93,43873.66,42044.98,42585.91,0
13-Mar-08,44248.15,44248.15,42214.33,42421.93,0
12-Mar-08,43318.03,44627.68,43318.03,44248.15,0
11-Mar-08,41534.89,43386.03,41437.29,43318.03,0
10-Mar-08,41537.22,41697.39,40987.87,41534.89,0
7-Mar-08,42523.85,42523.85,40887.34,41537.22,0
6-Mar-08,43468.03,43736.21,42334.00,42523.85,0
5-Mar-08,42923.03,43503.90,42776.24,43468.03,0
4-Mar-08,43343.59,43847.30,42727.92,42923.03,0
3-Mar-08,44776.88,44776.88,42911.77,43343.59,0
29-Feb-08,45823.30,45991.33,44496.28,44776.88,0
28-Feb-08,46260.30,46664.25,45650.72,45823.30,0
27-Feb-08,45524.52,46755.92,45524.52,46260.30,0
26-Feb-08,44894.96,46016.02,44894.96,45524.52,0
25-Feb-08,45592.48,46333.10,44783.19,44894.96,0
22-Feb-08,46446.64,46446.64,45393.10,45592.48,0
21-Feb-08,45876.74,46797.03,45816.23,46446.64,0
20-Feb-08,46249.27,46249.27,45102.84,45876.74,0
19-Feb-08,45741.67,46507.08,45048.07,46249.27,0
18-Feb-08,44305.27,45741.67,44305.27,45741.67,0
15-Feb-08,45493.66,45827.98,43894.77,44305.27,0
14-Feb-08,44752.46,45931.60,44752.46,45493.66,0
13-Feb-08,43539.85,44830.56,42769.36,44752.46,0
12-Feb-08,41342.84,43616.09,41342.84,43539.85,0
11-Feb-08,41957.86,41957.86,40954.74,41342.84,0
8-Feb-08,41866.42,42845.99,41218.13,41957.86,0
7-Feb-08,43317.49,43427.07,41634.82,41866.42,0
6-Feb-08,44350.78,44350.78,42812.18,43317.49,0
5-Feb-08,45719.91,45942.66,44201.41,44350.78,0
4-Feb-08,44452.08,45848.60,44452.08,45719.91,0
1-Feb-08,42697.56,44751.08,42697.56,44452.08,0
31-Jan-08,44304.44,44444.30,42402.40,42697.56,0
30-Jan-08,44572.70,44572.70,43894.32,44304.44,0
29-Jan-08,43706.68,44732.20,43706.68,44572.70,0
28-Jan-08,45497.24,45497.24,43537.00,43706.68,0
25-Jan-08,45010.73,46225.91,45010.73,45497.24,0
24-Jan-08,42539.49,45058.12,42539.49,45010.73,0
23-Jan-08,44593.71,46127.16,42081.37,42539.49,0
22-Jan-08,45544.08,45544.08,42943.70,44593.71,0
21-Jan-08,48657.46,48657.46,44704.73,45544.08,0
18-Jan-08,48902.75,49356.96,47926.93,48657.46,0
17-Jan-08,49093.83,49778.28,47710.94,48902.75,0
16-Jan-08,50377.34,50377.34,48236.02,49093.83,0
15-Jan-08,51480.89,51534.09,50192.98,50377.34,0
14-Jan-08,51920.59,51920.59,51214.00,51480.89,0
11-Jan-08,52351.01,52512.06,51684.76,51920.59,0
10-Jan-08,52730.72,53198.46,52123.79,52351.01,0
9-Jan-08,53235.93,53235.93,52410.46,52730.72,0
8-Jan-08,52569.54,53319.14,52569.54,53235.93,0
7-Jan-08,52529.88,52798.90,51943.67,52569.54,0
4-Jan-08,53541.27,54057.40,52387.60,52529.88,0
3-Jan-08,54708.42,54708.42,53348.12,53541.27,0
2-Jan-08,55538.13,55538.13,54424.89,54708.42,0
31-Dec-07,55698.42,55981.22,55096.49,55538.13,0
28-Dec-07,55233.00,56066.18,54848.86,55698.42,0
27-Dec-07,55373.17,56023.59,55092.04,55233.00,0
26-Dec-07,55380.65,55901.30,55241.59,55373.17,0
25-Dec-07,55510.46,55543.31,55083.41,55380.65,0
24-Dec-07,53847.36,55510.46,53847.36,55510.46,0
19-Dec-07,53724.79,54223.58,53584.26,53847.36,0
18-Dec-07,53603.43,54223.58,53373.92,54223.58,0
17-Dec-07,54911.71,54911.71,53371.99,53603.43,0
14-Dec-07,55239.00,55938.62,54646.05,54911.71,0
13-Dec-07,56766.22,56766.22,55070.54,55239.00,0
12-Dec-07,56271.27,56794.94,55314.65,56766.22,0
11-Dec-07,56518.62,57088.27,56079.37,56271.27,0
10-Dec-07,56490.57,56881.48,55769.30,56518.62,0
7-Dec-07,56186.89,56816.84,56071.61,56490.57,0
6-Dec-07,55521.18,56186.89,55329.16,56186.89,0
5-Dec-07,54013.30,55555.15,54013.30,55521.18,0
4-Dec-07,54320.04,54635.68,53672.53,54013.30,0
3-Dec-07,54213.82,54575.35,53883.12,54320.04,0
30-Nov-07,53181.19,54563.95,53181.19,54213.82,0
29-Nov-07,53202.82,53769.14,52851.83,53181.19,0
28-Nov-07,51452.32,53202.82,51452.32,53202.82,0
27-Nov-07,52682.48,52682.48,50939.89,51452.32,0
26-Nov-07,52331.29,53107.16,52234.54,52682.48,0
23-Nov-07,52199.33,52629.18,51875.31,52331.29,0
22-Nov-07,52615.59,52615.59,51527.83,52199.33,0
21-Nov-07,53577.76,53577.76,51800.40,52615.59,0
20-Nov-07,53262.90,53936.33,52632.26,53577.76,0
19-Nov-07,54304.47,54910.62,53098.19,53262.90,0
16-Nov-07,54743.01,54861.77,54181.12,54304.47,0
15-Nov-07,55664.90,56064.94,54506.74,54743.01,0
14-Nov-07,54719.01,55946.54,54719.01,55664.90,0
13-Nov-07,54084.03,54719.01,53573.11,54719.01,0
12-Nov-07,53689.08,54084.03,53280.50,54084.03,0
9-Nov-07,55160.75,55688.42,53458.51,53689.08,0
8-Nov-07,56076.44,56076.44,54405.66,55160.75,0
7-Nov-07,56905.99,57484.61,55709.60,56076.44,0
6-Nov-07,56064.31,56971.31,56064.31,56905.99,0
5-Nov-07,56855.06,56855.06,55537.26,56064.31,0
2-Nov-07,57371.31,57406.83,56474.62,56855.06,0
1-Nov-07,57615.72,58747.28,56547.42,57371.31,0
31-Oct-07,56774.27,57891.74,56623.84,57615.72,0
30-Oct-07,56446.59,57059.75,56446.59,56774.27,0
26-Oct-07,55728.60,56612.17,55728.60,56446.59,0
25-Oct-07,55638.88,56648.74,55466.20,55728.60,0
24-Oct-07,55752.22,55769.38,54903.37,55638.88,0
23-Oct-07,53969.78,56085.66,53969.78,55752.22,0
22-Oct-07,55486.84,55486.84,52094.03,53969.78,0
19-Oct-07,56268.18,56773.62,55130.28,55486.84,0
18-Oct-07,57931.92,58191.63,55910.00,56268.18,0
17-Oct-07,57185.37,58119.80,56729.98,57931.92,0
16-Oct-07,58231.90,58231.90,57048.39,57185.37,0
15-Oct-07,58053.40,58864.34,56741.74,58231.90,0
11-Oct-07,57397.39,58182.37,57379.58,58053.40,0
10-Oct-07,57910.57,58191.67,57233.88,57418.04,0
9-Oct-07,56279.09,58008.72,55964.77,57910.57,0
8-Oct-07,56792.97,57350.86,56117.34,56279.09,0
5-Oct-07,54915.90,56792.97,54915.90,56792.97,0
4-Oct-07,54164.90,55257.99,53843.74,54915.90,0
3-Oct-07,54733.30,54838.17,53933.68,54164.90,0
2-Oct-07,54198.04,55402.67,54198.04,54733.30,0
1-Oct-07,54044.22,54224.00,53199.15,54198.04,0
28-Sep-07,54390.20,54921.48,53895.88,54044.22,0
27-Sep-07,54245.83,55129.02,54158.86,54390.20,0
26-Sep-07,52893.18,54267.06,52893.18,54245.83,0
25-Sep-07,53580.70,53711.74,52552.00,52893.18,0
24-Sep-07,53882.14,54210.36,53496.73,53580.70,0
21-Sep-07,53543.06,54027.86,53066.82,53882.14,0
20-Sep-07,53884.08,53918.61,53215.90,53543.06,0
19-Sep-07,50500.93,53912.57,50500.93,53884.08,0
18-Sep-07,50536.54,50770.95,50086.23,50500.93,0
17-Sep-07,50620.91,50740.25,49975.79,50536.54,0
14-Sep-07,49680.51,50620.91,49680.51,50620.91,0
13-Sep-07,49233.05,49795.10,49017.82,49680.51,0
12-Sep-07,49296.18,49596.21,48785.52,49233.05,0
11-Sep-07,48548.93,49356.58,48548.93,49296.18,0
10-Sep-07,49050.42,49321.75,48466.75,48548.93,0
7-Sep-07,49601.39,49904.13,48681.39,49050.42,0
6-Sep-07,49421.38,49914.15,48690.33,49601.39,0
5-Sep-07,50032.59,50515.05,49301.27,49421.38,0
4-Sep-07,49936.94,50298.38,49569.19,50032.59,0
3-Sep-07,50198.60,50571.42,49737.23,49936.94,0
31-Aug-07,48082.17,50200.70,48082.17,50198.60,0
29-Aug-07,47750.68,48180.76,46835.17,48082.17,0
28-Aug-07,47914.42,48016.34,47428.51,47750.68,0
27-Aug-07,46823.97,47914.42,46823.97,47914.42,0
24-Aug-07,47388.60,47403.36,46633.86,46823.97,0
23-Aug-07,46881.96,48065.24,46881.96,47388.60,0
22-Aug-07,45264.96,47046.79,45264.96,46881.96,0
21-Aug-07,46148.81,46277.03,45028.21,45264.96,0
20-Aug-07,46576.86,47008.70,46015.93,46148.81,0
17-Aug-07,44473.30,46576.86,43480.74,46576.86,0
16-Aug-07,47714.12,47714.12,43291.42,44473.30,0
15-Aug-07,49880.90,49880.90,47023.21,47714.12,0
14-Aug-07,50272.52,50272.52,49307.76,49880.90,0
13-Aug-07,49186.43,50272.52,49186.43,50272.52,0
10-Aug-07,49974.83,49974.83,48573.12,49186.43,0
9-Aug-07,52070.55,52390.14,49938.43,49974.83,0
8-Aug-07,50708.22,52172.79,50708.22,52070.55,0
7-Aug-07,50429.89,51272.74,50429.89,50708.22,0
6-Aug-07,50716.44,50716.44,49749.16,50429.89,0
3-Aug-07,51393.57,51787.88,50620.26,50716.44,0
2-Aug-07,51299.30,52169.35,51037.36,51393.57,0
1-Aug-07,52824.89,52824.89,50383.08,51299.30,0
31-Jul-07,51459.22,52971.20,51459.22,52824.89,0
30-Jul-07,51561.91,52200.82,50478.46,51459.22,0
27-Jul-07,52512.38,52512.38,50644.71,51561.91,0
26-Jul-07,54831.94,54831.94,51831.88,52512.38,0
25-Jul-07,54930.74,55061.61,53806.64,54831.94,0
24-Jul-07,55625.44,56309.76,54624.88,54930.74,0
23-Jul-07,52935.75,55912.80,52935.75,55625.44,0
20-Jul-07,53325.29,53736.74,52634.75,52935.75,0
19-Jul-07,51111.99,53325.29,51111.99,53325.29,0
18-Jul-07,51643.83,51643.83,50784.08,51111.99,0
17-Jul-07,51774.43,51774.43,50992.78,51643.83,0
16-Jul-07,52086.68,52296.89,51557.00,51774.43,0
13-Jul-07,52005.80,53061.64,51852.54,52086.68,0
12-Jul-07,50055.54,52062.88,50055.54,52005.80,0
11-Jul-07,50557.62,50557.62,49369.33,50055.54,0
10-Jul-07,51281.85,51500.91,50497.29,50557.62,0
9-Jul-07,49895.33,51388.05,49895.33,51281.85,0
6-Jul-07,49850.05,50176.55,49410.53,49895.33,0
5-Jul-07,49476.29,50054.20,49416.66,49850.05,0
4-Jul-07,48680.30,49733.19,48614.15,49476.29,0
3-Jul-07,47730.53,48826.34,47730.53,48680.30,0
2-Jul-07,47093.67,47764.21,46917.20,47730.53,0
29-Jun-07,46181.38,47093.67,45925.01,47093.67,0
28-Jun-07,45161.75,46213.03,45161.75,46181.38,0
27-Jun-07,46010.13,46010.13,45029.00,45161.75,0
26-Jun-07,45417.05,46024.39,45116.00,46010.13,0
25-Jun-07,45705.10,45705.10,45168.26,45417.05,0
22-Jun-07,45952.39,46122.93,45544.38,45705.10,0
21-Jun-07,46251.18,46251.18,45574.71,45952.39,0
20-Jun-07,46231.77,46516.38,46067.49,46251.18,0
19-Jun-07,46367.59,46512.74,46036.17,46231.77,0
18-Jun-07,45971.80,46553.82,45971.80,46367.59,0
15-Jun-07,44675.54,46014.92,44675.54,45971.80,0
14-Jun-07,44629.52,45296.67,44552.32,44675.54,0
13-Jun-07,44371.97,44729.70,43804.04,44629.52,0
12-Jun-07,44893.70,45212.82,44245.89,44371.97,0
11-Jun-07,44332.44,44984.94,44332.44,44893.70,0
8-Jun-07,44843.86,44843.86,43516.46,44332.44,0
7-Jun-07,45861.01,45974.57,44547.26,44843.86,0
5-Jun-07,46111.14,46737.48,46091.26,46451.60,0
4-Jun-07,46490.14,46678.92,45871.62,46111.14,0
1-Jun-07,47081.49,47081.49,46337.68,46490.14,0
31-May-07,46274.69,47081.81,46274.69,47081.49,0
30-May-07,47003.04,47003.04,46136.81,46274.69,0
29-May-07,46927.81,47111.95,46651.14,47003.04,0
28-May-07,46194.27,46927.81,46194.27,46927.81,0
25-May-07,46237.07,46291.87,45766.61,46194.27,0
24-May-07,46424.71,46482.28,45589.33,46237.07,0
23-May-07,46369.23,46617.54,46023.28,46424.71,0
22-May-07,46209.06,46729.84,46209.06,46369.23,0
21-May-07,46073.29,46530.00,45889.89,46209.06,0
18-May-07,45860.04,46165.07,45630.50,46073.29,0
17-May-07,45539.69,46234.69,45539.69,45860.04,0
16-May-07,44897.67,45543.96,44883.00,45539.69,0
15-May-07,45142.17,45229.65,44781.84,44897.67,0
14-May-07,44820.76,45348.95,44820.76,45142.17,0
11-May-07,45055.57,45055.57,44269.45,44820.76,0
10-May-07,45102.68,45623.72,44619.73,45055.57,0
9-May-07,44707.31,45533.11,44707.31,45102.68,0
8-May-07,44681.09,45009.21,44394.58,44707.31,0
7-May-07,44818.05,45359.49,44560.91,44681.09,0
4-May-07,45077.67,45310.91,44182.55,44818.05,0
3-May-07,44256.13,45270.52,44256.13,45077.67,0
2-May-07,43529.49,45323.37,43529.49,44256.13,0
1-May-07,44984.45,44984.45,43448.29,43529.49,0
30-Apr-07,46861.31,46861.31,43116.13,44984.45,0
27-Apr-07,47826.05,48005.39,46548.33,46861.31,0
26-Apr-07,48032.72,48569.52,47637.77,47826.05,0
25-Apr-07,47014.90,48038.05,46837.51,48032.72,0
24-Apr-07,47355.82,47502.32,46437.45,47014.90,0
20-Apr-07,46308.10,47556.56,46308.10,47355.82,0
19-Apr-07,45634.02,46390.11,44843.36,46308.10,0
18-Apr-07,46621.49,47077.55,45526.49,45634.02,0
17-Apr-07,46697.07,46864.52,46242.95,46621.49,0
16-Apr-07,46044.18,46945.67,46044.18,46697.07,0
13-Apr-07,45566.09,46252.19,45566.09,46044.18,0
12-Apr-07,46105.80,46105.80,45273.35,45566.09,0
11-Apr-07,45339.77,46325.94,45339.77,46105.80,0
10-Apr-07,45889.23,45889.23,45022.20,45339.77,0
9-Apr-07,45845.24,45938.93,45470.41,45889.23,0
6-Apr-07,45714.06,46015.42,45535.61,45845.24,0
5-Apr-07,44660.68,45751.38,44660.68,45714.06,0
4-Apr-07,44309.25,45089.64,44309.25,44660.68,0
3-Apr-07,43542.20,44399.54,43542.20,44309.25,0
2-Apr-07,43661.12,43735.54,43240.68,43542.20,0
30-Mar-07,43666.17,43909.73,43430.95,43661.12,0
29-Mar-07,43079.51,43666.17,43034.71,43666.17,0
28-Mar-07,43097.10,43287.15,42582.50,43079.51,0
27-Mar-07,43263.64,43319.30,42765.14,43097.10,0
26-Mar-07,43408.71,43646.24,42900.73,43263.64,0
23-Mar-07,43239.83,43628.39,43003.43,43408.71,0
22-Mar-07,42419.39,43538.60,42419.39,43239.83,0
21-Mar-07,41817.66,42466.99,41817.66,42419.39,0
20-Mar-07,41922.21,42446.62,41678.16,41817.66,0
19-Mar-07,41819.84,42155.34,41571.08,41922.21,0
16-Mar-07,41195.20,41819.84,40862.11,41819.84,0
15-Mar-07,40501.85,41491.19,40501.85,41195.20,0
14-Mar-07,41665.97,41665.97,40182.94,40501.85,0
13-Mar-07,41978.34,42300.96,41244.71,41665.97,0
12-Mar-07,42056.32,42632.68,41589.42,41978.34,0
9-Mar-07,41406.85,42056.32,40921.30,42056.32,0
8-Mar-07,40406.51,41468.17,40406.51,41406.85,0
7-Mar-07,40230.78,40912.29,40103.31,40406.51,0
6-Mar-07,39729.40,40536.70,39729.40,40230.78,0
5-Mar-07,40550.34,40550.34,38824.03,39729.40,0
2-Mar-07,39588.24,40651.87,39512.26,40550.34,0
1-Mar-07,41430.99,41567.92,39424.55,39588.24,0
28-Feb-07,41773.98,41773.98,40468.28,41430.99,0
27-Feb-07,43736.78,43736.78,41515.86,41773.98,0
26-Feb-07,43591.72,43760.22,43181.91,43736.78,0
23-Feb-07,43829.12,43829.12,43149.18,43591.72,0
22-Feb-07,42888.58,43948.88,42888.58,43829.12,0
21-Feb-07,44061.48,44160.44,42486.24,42888.58,0
20-Feb-07,44252.94,44616.14,43795.44,44061.48,0
19-Feb-07,43636.19,44259.48,43636.19,44252.94,0
16-Feb-07,43813.73,43984.35,43385.46,43636.19,0
15-Feb-07,43256.30,44235.84,43256.30,43813.73,0
14-Feb-07,42551.57,43482.86,42551.57,43256.30,0
13-Feb-07,42025.89,42756.37,41960.83,42551.57,0
12-Feb-07,42185.46,42286.07,41784.98,42025.89,0
9-Feb-07,41645.21,42379.64,41645.21,42185.46,0
8-Feb-07,42099.02,42099.02,41091.77,41645.21,0
7-Feb-07,42501.42,42569.84,41772.70,42099.02,0
6-Feb-07,42700.51,43096.25,42350.59,42501.42,0
5-Feb-07,43112.53,43146.43,42376.40,42700.51,0
2-Feb-07,42301.96,43318.76,42226.30,43112.53,0
1-Feb-07,41182.55,42540.19,41182.55,42301.96,0
31-Jan-07,41357.49,41763.90,41056.03,41182.55,0
30-Jan-07,41397.38,41454.29,40687.67,41357.49,0
29-Jan-07,41846.38,41962.90,41128.33,41397.38,0
26-Jan-07,42122.68,42122.68,41318.86,41846.38,0
25-Jan-07,42035.52,42516.82,41793.19,42122.68,0
24-Jan-07,41250.09,42118.11,41250.09,42035.52,0
23-Jan-07,41246.95,41311.11,40622.04,41250.09,0
22-Jan-07,40201.14,41296.63,40201.14,41246.95,0
19-Jan-07,40256.29,40811.96,39806.25,40201.14,0
18-Jan-07,39218.09,40256.29,39218.09,40256.29,0
17-Jan-07,38888.47,39395.79,38789.00,39218.09,0
16-Jan-07,39042.95,39075.93,38655.97,38888.47,0
15-Jan-07,38138.21,39042.95,38076.77,39042.95,0
12-Jan-07,37640.38,38253.73,37640.38,38138.21,0
11-Jan-07,36629.89,37640.38,36629.89,37640.38,0
10-Jan-07,37083.09,37192.84,36344.15,36629.89,0
9-Jan-07,37832.05,38136.59,36975.98,37083.09,0
8-Jan-07,38435.15,38435.15,37398.22,37832.05,0
5-Jan-07,39006.27,39006.27,38184.02,38435.15,0
4-Jan-07,39117.46,39298.38,38808.67,39006.27,0
29-Dec-06,39138.18,39468.92,38901.52,39117.46,0
28-Dec-06,38610.57,39241.81,38610.57,39138.18,0
27-Dec-06,38766.55,38861.01,38283.70,38610.57,0
26-Dec-06,38705.39,39046.29,38497.08,38766.55,0
25-Dec-06,39180.20,39180.20,38553.15,38705.39,0
22-Dec-06,39082.95,39180.20,38858.80,39180.20,0
21-Dec-06,38996.68,39150.18,38758.45,39082.95,0
20-Dec-06,39071.10,39561.47,38852.57,38996.68,0
19-Dec-06,39832.52,39832.52,38940.37,39071.10,0
18-Dec-06,40204.80,40380.31,39703.06,39832.52,0
15-Dec-06,39595.38,40237.81,39595.38,40204.80,0
14-Dec-06,38874.90,39595.38,38836.10,39595.38,0
13-Dec-06,39213.02,39213.02,38716.95,38874.90,0
12-Dec-06,39461.94,39987.45,39073.60,39213.02,0
11-Dec-06,39320.47,39476.47,39111.11,39461.94,0
8-Dec-06,39857.75,39857.75,39167.74,39320.47,0
7-Dec-06,38184.76,39857.75,38184.76,39857.75,0
6-Dec-06,38163.03,38378.89,38035.50,38184.76,0
5-Dec-06,37654.69,38166.46,37412.82,38163.03,0
4-Dec-06,38196.52,38196.52,37452.47,37654.69,0
1-Dec-06,38168.53,38450.75,38006.43,38196.52,0
30-Nov-06,38066.89,38575.07,38058.72,38168.53,0
29-Nov-06,37183.79,38066.89,37183.79,38066.89,0
28-Nov-06,38238.57,38238.57,37033.93,37183.79,0
27-Nov-06,37582.13,38238.57,37552.95,38238.57,0
24-Nov-06,38077.05,38077.52,37422.46,37582.13,0
23-Nov-06,37733.58,38202.36,37510.06,38077.05,0
22-Nov-06,38501.10,38668.34,37528.10,37733.58,0
21-Nov-06,38346.57,38501.10,37935.18,38501.10,0
20-Nov-06,38432.80,38432.80,37685.30,38346.57,0
17-Nov-06,39268.13,39292.71,38314.67,38432.80,0
16-Nov-06,39654.14,39888.91,39113.50,39268.13,0
15-Nov-06,39655.14,39971.31,39467.73,39654.14,0
14-Nov-06,39030.30,39655.14,39022.41,39655.14,0
13-Nov-06,39703.25,39751.98,38797.14,39030.30,0
10-Nov-06,39890.93,39890.93,39345.09,39627.18,0
9-Nov-06,39736.73,40323.47,39692.06,39890.93,0
8-Nov-06,40163.70,40163.70,39614.90,39736.73,0
7-Nov-06,39675.85,40595.32,39675.85,40163.70,0
6-Nov-06,39307.05,39810.37,39195.46,39675.85,0
3-Nov-06,39504.05,39530.19,38708.82,39307.05,0
2-Nov-06,40601.72,40601.72,39350.31,39504.05,0
1-Nov-06,40582.25,40640.85,40283.54,40601.72,0
31-Oct-06,40081.41,40622.78,39846.13,40582.25,0
30-Oct-06,40683.25,40683.25,39763.58,40081.41,0
27-Oct-06,40591.06,40890.93,40382.07,40683.25,0
26-Oct-06,39643.76,40830.05,39643.76,40591.06,0
20-Oct-06,39823.94,39987.86,39405.14,39643.76,0
19-Oct-06,39743.83,40188.87,39283.02,39823.94,0
18-Oct-06,38456.75,39763.49,38456.75,39743.83,0
17-Oct-06,38997.95,39107.99,38325.80,38456.75,0
16-Oct-06,38486.09,38997.95,38425.34,38997.95,0
13-Oct-06,38316.92,38643.27,38223.89,38486.09,0
12-Oct-06,37660.37,38316.92,37522.73,38316.92,0
11-Oct-06,37449.23,37784.80,37427.26,37660.37,0
10-Oct-06,36885.89,37477.20,36885.89,37449.23,0
9-Oct-06,36885.89,36913.60,36593.51,36885.89,0
6-Oct-06,36917.37,37094.07,36502.54,36737.62,0
5-Oct-06,36389.72,37086.18,36389.72,36917.37,0
4-Oct-06,36830.44,36830.44,36223.89,36389.72,0
3-Oct-06,36983.89,37096.47,36597.86,36830.44,0
2-Oct-06,36924.86,36983.89,36461.82,36983.89,0
29-Sep-06,37268.21,37467.09,36782.09,36924.86,0
28-Sep-06,36818.73,37268.21,36778.03,37268.21,0
27-Sep-06,36432.37,37207.20,36432.37,36818.73,0
26-Sep-06,36084.24,36588.42,35932.06,36432.37,0
25-Sep-06,36390.01,36807.66,35961.41,36084.24,0
22-Sep-06,37790.82,37790.82,36228.08,36390.01,0
21-Sep-06,38275.02,38538.22,37637.97,37790.82,0
20-Sep-06,38345.10,38409.23,38014.85,38275.02,0
19-Sep-06,38245.87,38435.17,37873.45,38345.10,0
18-Sep-06,38143.91,38646.03,38099.32,38245.87,0
15-Sep-06,37478.65,38143.91,37415.17,38143.91,0
14-Sep-06,37774.59,38191.01,37225.31,37478.65,0
13-Sep-06,37624.54,38230.17,37624.54,37774.59,0
12-Sep-06,37172.63,37624.54,36992.95,37624.54,0
11-Sep-06,37371.99,37423.40,36878.74,37172.63,0
8-Sep-06,37457.04,37743.59,37132.66,37371.99,0
7-Sep-06,37689.67,37689.67,37235.01,37457.04,0
6-Sep-06,38180.02,38190.29,37512.10,37689.67,0
5-Sep-06,38139.07,38389.54,37944.26,38180.02,0
4-Sep-06,37414.94,38139.07,37396.32,38139.07,0
1-Sep-06,37285.94,37424.21,37077.53,37414.94,0
31-Aug-06,36897.20,37395.48,36897.20,37285.94,0
29-Aug-06,36686.71,37056.71,36686.71,36897.20,0
28-Aug-06,36861.66,36879.61,36519.58,36686.71,0
25-Aug-06,36651.38,37028.36,36555.93,36861.66,0
24-Aug-06,37121.81,37121.81,36173.85,36651.38,0
23-Aug-06,37130.81,37310.35,36881.57,37121.81,0
22-Aug-06,37164.93,37568.19,37001.61,37130.81,0
21-Aug-06,37384.79,37471.54,37012.44,37164.93,0
18-Aug-06,37885.28,38076.40,37135.94,37384.79,0
17-Aug-06,38433.41,38787.65,37705.05,37885.28,0
16-Aug-06,37806.51,38433.41,37673.34,38433.41,0
15-Aug-06,37631.07,37806.51,36925.04,37806.51,0
14-Aug-06,37418.11,37804.99,37418.11,37631.07,0
11-Aug-06,37389.25,38026.75,37282.77,37418.11,0
10-Aug-06,37563.33,37563.33,36723.50,37389.25,0
9-Aug-06,36535.75,37563.33,36337.87,37563.33,0
8-Aug-06,35967.54,36790.75,35967.54,36535.75,0
7-Aug-06,36159.61,36159.61,35651.75,35967.54,0
4-Aug-06,35262.86,36269.27,35262.86,36159.61,0
3-Aug-06,35721.64,36104.20,35147.22,35262.86,0
2-Aug-06,35742.75,35935.22,35399.47,35721.64,0
1-Aug-06,36067.92,36487.48,35552.88,35742.75,0
31-Jul-06,36101.89,36574.24,35909.28,36067.92,0
28-Jul-06,36747.28,36804.54,35922.16,36101.89,0
27-Jul-06,35984.53,37030.22,35984.53,36747.28,0
26-Jul-06,35264.40,36012.53,35073.24,35984.53,0
25-Jul-06,34959.03,35541.14,34878.14,35264.40,0
24-Jul-06,34988.80,35107.54,34697.85,34959.03,0
21-Jul-06,35311.04,35311.04,34492.57,34988.80,0
20-Jul-06,33554.41,35346.90,33554.41,35311.04,0
19-Jul-06,33617.96,33929.13,33368.76,33554.41,0
18-Jul-06,32702.89,33617.96,32492.81,33617.96,0
17-Jul-06,33831.69,33831.69,32195.66,32702.89,0
14-Jul-06,35010.46,35010.46,33728.63,33831.69,0
13-Jul-06,35815.54,35815.54,34167.89,35010.46,0
12-Jul-06,35955.80,36516.07,35641.31,35815.54,0
11-Jul-06,36148.39,36549.02,35820.29,35955.80,0
10-Jul-06,36202.23,36355.70,35813.29,36148.39,0
7-Jul-06,35698.74,36448.76,35698.74,36202.23,0
6-Jul-06,35385.02,35777.02,34554.20,35698.74,0
5-Jul-06,36481.23,36481.23,35322.46,35385.02,0
4-Jul-06,35456.47,36481.23,35456.47,36481.23,0
3-Jul-06,35453.31,35615.53,35193.65,35456.47,0
30-Jun-06,34031.08,35589.00,34031.08,35453.31,0
29-Jun-06,33207.10,34091.04,33207.10,34031.08,0
28-Jun-06,32470.42,33357.87,31781.29,33207.10,0
27-Jun-06,31950.56,32476.62,31491.56,32470.42,0
26-Jun-06,33132.30,33672.45,31623.84,31950.56,0
23-Jun-06,34228.99,34322.61,32782.48,33132.30,0
22-Jun-06,33762.00,35378.37,33762.00,34228.99,0
21-Jun-06,34601.40,34902.70,33422.20,33762.00,0
20-Jun-06,34807.73,34841.07,34162.51,34601.40,0
19-Jun-06,34048.04,34807.73,33818.06,34807.73,0
16-Jun-06,33627.40,35057.95,33627.40,34048.04,0
15-Jun-06,32899.74,34322.56,32899.74,33627.40,0
14-Jun-06,32384.42,33065.05,32167.82,32899.74,0
13-Jun-06,34330.32,34330.32,31557.80,32384.42,0
12-Jun-06,34802.58,35107.78,34201.88,34330.32,0
9-Jun-06,35338.66,36104.61,34358.19,34802.58,0
8-Jun-06,36709.55,36797.54,35275.36,35338.66,0
7-Jun-06,37464.43,37852.93,36604.27,36709.55,0
6-Jun-06,37964.03,37964.03,37213.54,37464.43,0
5-Jun-06,39285.80,39285.80,37693.96,37964.03,0
2-Jun-06,38395.24,39428.14,38395.24,39285.80,0
1-Jun-06,38132.21,38760.08,37939.22,38395.24,0
31-May-06,37860.80,38443.20,36405.71,38132.21,0
30-May-06,38908.60,38908.60,37471.28,37860.80,0
29-May-06,38593.47,38971.53,38267.81,38908.60,0
26-May-06,36730.24,38593.47,36730.24,38593.47,0
25-May-06,36100.70,36814.10,35987.15,36730.24,0
24-May-06,37235.49,37235.49,35636.55,36100.70,0
23-May-06,36351.06,37259.18,35277.93,37235.49,0
22-May-06,39643.68,39774.21,36055.39,36351.06,0
18-May-06,40439.24,40439.24,38943.17,39643.68,0
17-May-06,41044.06,41891.45,40389.37,40439.24,0
16-May-06,40268.68,41063.39,39945.49,41044.06,0
15-May-06,41970.80,41970.80,39838.10,40268.68,0
12-May-06,43713.19,43713.19,41858.17,41970.80,0
11-May-06,43598.99,43890.18,43313.60,43713.19,0
10-May-06,44563.26,44563.26,43354.94,43598.99,0
9-May-06,44712.89,45049.80,44295.36,44563.26,0
8-May-06,44212.76,44735.12,44212.76,44712.89,0
5-May-06,44251.44,44865.95,43981.26,44212.76,0
4-May-06,44647.82,44651.81,43963.01,44251.44,0
3-May-06,44413.62,45084.83,44359.67,44647.82,0
2-May-06,44030.35,44420.59,43571.38,44413.62,0
1-May-06,43880.43,44237.24,43627.67,44030.35,0
28-Apr-06,43752.02,44419.88,43335.99,43880.43,0
27-Apr-06,44745.54,45481.73,43496.82,43752.02,0
26-Apr-06,45352.51,45712.51,44414.15,44745.54,0
25-Apr-06,45278.39,45683.94,45187.27,45352.51,0
24-Apr-06,45075.89,45516.79,44709.38,45278.39,0
21-Apr-06,43872.79,45075.89,43787.81,45075.89,0
20-Apr-06,43732.47,43970.97,43433.71,43872.79,0
19-Apr-06,42864.85,44173.44,42864.85,43732.47,0
18-Apr-06,41860.66,42864.85,41860.66,42864.85,0
17-Apr-06,42212.03,42380.27,41705.27,41860.66,0
14-Apr-06,41919.25,42266.96,41820.59,42212.03,0
13-Apr-06,42505.02,43115.57,41737.25,41919.25,0
12-Apr-06,42890.29,42890.29,42086.49,42505.02,0
11-Apr-06,43099.34,43398.27,42288.28,42890.29,0
10-Apr-06,44284.17,44284.37,42892.77,43099.34,0
7-Apr-06,43710.59,44492.09,43575.41,44284.17,0
6-Apr-06,44088.59,44515.80,43510.60,43710.59,0
5-Apr-06,44070.94,44633.43,43858.15,44088.59,0
4-Apr-06,44028.40,44280.31,43378.49,44070.94,0
3-Apr-06,42911.32,44078.42,42911.32,44028.40,0
31-Mar-06,42941.70,43365.31,42518.63,42911.32,0
30-Mar-06,42507.02,43122.40,42334.31,42941.70,0
29-Mar-06,41742.09,42507.02,40715.56,42507.02,0
28-Mar-06,42710.46,42861.12,41442.62,41742.09,0
27-Mar-06,43273.94,43401.36,42395.35,42710.46,0
24-Mar-06,44531.22,44635.54,43145.15,43273.94,0
23-Mar-06,44328.80,44825.88,44206.06,44531.22,0
22-Mar-06,44399.44,44399.44,43211.02,44328.80,0
21-Mar-06,44426.27,44426.27,43628.48,44399.44,0
20-Mar-06,44688.12,44868.07,44161.20,44426.27,0
17-Mar-06,44051.34,44940.53,43939.39,44688.12,0
16-Mar-06,43236.71,44062.18,43102.16,44051.34,0
15-Mar-06,42906.72,44120.34,42906.72,43236.71,0
14-Mar-06,44345.95,44452.72,42716.39,42906.72,0
13-Mar-06,42521.94,44352.67,42521.94,44345.95,0
10-Mar-06,42863.37,42896.35,41960.22,42521.94,0
9-Mar-06,42340.43,43721.10,42340.43,42863.37,0
8-Mar-06,43889.75,43889.75,41465.27,42340.43,0
7-Mar-06,45997.07,45997.07,43342.71,43889.75,0
6-Mar-06,46366.23,46795.15,45705.52,45997.07,0
3-Mar-06,46890.80,47168.78,46206.00,46366.23,0
2-Mar-06,47492.97,48075.44,46747.60,46890.80,0
1-Mar-06,47015.88,47492.97,46512.79,47492.97,0
28-Feb-06,47728.50,48192.31,46896.96,47015.88,0
27-Feb-06,46838.10,47728.50,46838.10,47728.50,0
24-Feb-06,46553.57,47209.78,46362.99,46838.10,0
23-Feb-06,46265.39,46879.75,46190.45,46553.57,0
22-Feb-06,46710.93,46714.47,45977.90,46265.39,0
21-Feb-06,46537.60,46941.71,46319.99,46710.93,0
20-Feb-06,46244.32,47073.96,46067.84,46689.01,0
17-Feb-06,45361.34,46707.37,45361.34,46244.32,0
16-Feb-06,43803.98,45437.96,43803.98,45361.34,0
15-Feb-06,43507.51,44187.43,43053.71,43803.98,0
14-Feb-06,44046.29,44046.29,42944.83,43507.51,0
13-Feb-06,44772.93,44985.20,43856.46,44046.29,0
10-Feb-06,44117.47,44812.49,43606.05,44772.93,0
9-Feb-06,43842.68,44523.94,43785.09,44117.47,0
8-Feb-06,44652.96,44652.96,43400.30,43842.68,0
7-Feb-06,44855.61,45432.81,44557.78,44652.96,0
6-Feb-06,44228.02,44855.61,43905.00,44855.61,0
3-Feb-06,44841.03,44865.87,43956.68,44228.02,0
2-Feb-06,45250.66,45844.58,44429.31,44685.93,0
1-Feb-06,44590.22,45531.97,44447.89,45250.66,0
31-Jan-06,44891.25,45182.98,44320.07,44590.22,0
30-Jan-06,45315.15,45415.19,44648.70,44891.25,0
27-Jan-06,45784.09,46475.74,45163.46,45315.15,0
26-Jan-06,45746.17,46281.42,45318.65,45784.09,0
25-Jan-06,44434.54,45782.41,44434.54,45746.17,0
24-Jan-06,43851.42,44660.80,43697.68,44434.54,0
23-Jan-06,44465.68,44465.68,43110.24,43744.14,0
20-Jan-06,43645.23,44742.85,43645.23,44465.68,0
19-Jan-06,42622.90,43663.96,42622.90,43645.23,0
18-Jan-06,44076.91,44076.91,42160.15,42622.90,0
17-Jan-06,43628.83,44297.84,43249.62,44076.91,0
16-Jan-06,41905.41,43628.83,41656.78,43628.83,0
6-Jan-06,41722.40,42354.18,41348.01,41905.41,0
5-Jan-06,41362.47,41722.40,40925.73,41722.40,0
4-Jan-06,40665.44,41590.74,40665.44,41362.47,0
3-Jan-06,39790.72,40756.77,39723.91,40665.44,0
2-Jan-06,39777.70,39856.22,39398.86,39790.72,0
30-Dec-05,39837.27,40011.93,39637.32,39777.70,0
29-Dec-05,39220.17,39837.27,39212.12,39837.27,0
28-Dec-05,39015.86,39220.17,38826.99,39220.17,0
27-Dec-05,39139.08,39288.91,38823.66,39015.86,0
26-Dec-05,38919.51,39303.05,38919.51,39139.08,0
23-Dec-05,38353.12,39111.88,38353.12,38919.51,0
22-Dec-05,38210.24,38550.51,38095.50,38353.12,0
21-Dec-05,37729.42,38321.13,37644.25,38210.24,0
20-Dec-05,37960.13,37980.32,37536.94,37628.09,0
19-Dec-05,37716.70,38046.20,37704.38,37960.13,0
16-Dec-05,37631.57,37734.67,37465.10,37716.70,0
15-Dec-05,37870.57,38407.96,37315.89,37631.57,0
14-Dec-05,37741.70,38300.10,37727.54,37870.57,0
13-Dec-05,38202.19,38439.32,37579.61,37741.70,0
12-Dec-05,37496.18,38283.48,37496.18,38202.19,0
9-Dec-05,38587.77,38647.48,37272.56,37496.18,0
8-Dec-05,38441.59,38587.77,37734.09,38587.77,0
7-Dec-05,38917.82,39274.11,38244.15,38441.59,0
6-Dec-05,39130.73,39288.19,38761.64,38917.82,0
5-Dec-05,38573.71,39130.73,38376.33,39130.73,0
2-Dec-05,38296.91,39108.50,38296.91,38573.71,0
1-Dec-05,38088.65,38296.91,37770.91,38296.91,0
30-Nov-05,37495.22,38190.02,37495.22,38088.65,0
29-Nov-05,36621.47,37515.97,36267.05,37495.22,0
28-Nov-05,36759.89,36851.09,36371.69,36621.47,0
25-Nov-05,36907.79,37220.80,36576.32,36759.89,0
24-Nov-05,36179.29,36917.32,36015.96,36907.79,0
23-Nov-05,35254.14,36181.81,35254.14,36179.29,0
22-Nov-05,35654.99,35878.17,35044.91,35254.14,0
21-Nov-05,35314.31,35716.71,35174.43,35654.99,0
18-Nov-05,35127.34,35395.55,34901.20,35314.31,0
17-Nov-05,34866.57,35311.28,34857.62,35127.34,0
16-Nov-05,34324.04,34866.57,34295.93,34866.57,0
15-Nov-05,34171.51,34703.20,34171.51,34324.04,0
14-Nov-05,34096.32,34477.00,34024.57,34171.51,0
11-Nov-05,34709.65,35098.31,33993.75,34096.32,0
10-Nov-05,33848.29,34709.65,33776.82,34709.65,0
9-Nov-05,33749.43,33952.18,33454.49,33848.29,0
8-Nov-05,33830.10,33917.61,33420.83,33749.43,0
7-Nov-05,33152.10,33835.02,33120.70,33830.10,0
2-Nov-05,32791.99,33336.53,32691.44,33152.10,0
1-Nov-05,31963.99,32877.32,31963.99,32791.99,0
31-Oct-05,31038.52,32091.39,31038.52,31963.99,0
28-Oct-05,31273.31,31273.31,30922.66,31038.52,0
27-Oct-05,31474.44,31534.66,30767.61,31273.31,0
26-Oct-05,31669.96,32179.61,31335.67,31474.44,0
25-Oct-05,31845.70,32438.52,31516.67,31669.96,0
24-Oct-05,31428.62,32081.09,31428.62,31845.70,0
21-Oct-05,31403.90,31631.09,30809.64,31428.62,0
20-Oct-05,30766.71,31489.25,30766.71,31403.90,0
19-Oct-05,31586.83,31586.83,30633.42,30766.71,0
18-Oct-05,31850.68,32229.50,31448.09,31586.83,0
17-Oct-05,31440.03,31895.33,31087.33,31850.68,0
14-Oct-05,32054.34,32295.36,31055.13,31440.03,0
13-Oct-05,33118.44,33199.39,31810.95,32054.34,0
12-Oct-05,34040.21,34082.40,32969.81,33118.44,0
11-Oct-05,33505.96,34050.90,33370.83,34040.21,0
10-Oct-05,33413.61,33806.82,32941.04,33505.96,0
7-Oct-05,33510.39,33798.88,33032.37,33413.61,0
6-Oct-05,34775.67,34775.67,33398.66,33510.39,0
5-Oct-05,35624.79,35773.95,34588.45,34775.67,0
4-Oct-05,34300.90,35809.90,34300.90,35624.79,0
3-Oct-05,33333.23,34300.90,32412.52,34300.90,0
30-Sep-05,33396.23,33485.25,33014.68,33333.23,0
29-Sep-05,32744.95,33511.80,32744.95,33396.23,0
28-Sep-05,33319.18,33503.88,32504.91,32744.95,0
27-Sep-05,33516.04,33727.30,33127.64,33319.18,0
26-Sep-05,33250.45,33545.63,33239.65,33516.04,0
23-Sep-05,33465.61,33474.15,33098.81,33195.60,0
22-Sep-05,33863.82,34014.59,33366.91,33465.61,0
21-Sep-05,33719.30,34002.48,33633.05,33863.82,0
20-Sep-05,33221.15,33893.23,33221.15,33719.30,0
19-Sep-05,33294.26,33463.23,33021.09,33221.15,0
16-Sep-05,33271.11,33636.72,33152.35,33294.26,0
15-Sep-05,32632.44,33271.11,32601.90,33271.11,0
14-Sep-05,32541.11,32634.98,32110.91,32632.44,0
13-Sep-05,32711.13,33774.05,32298.05,32541.11,0
12-Sep-05,32202.66,32745.25,32202.66,32711.13,0
9-Sep-05,31485.39,32202.66,31485.39,32202.66,0
8-Sep-05,31385.01,31683.55,31181.72,31467.50,0
7-Sep-05,31832.50,32006.88,31250.20,31385.01,0
6-Sep-05,31879.45,32138.01,31605.69,31832.50,0
5-Sep-05,31701.62,31987.33,31405.72,31879.45,0
2-Sep-05,31947.95,32010.49,31594.94,31701.62,0
1-Sep-05,30908.02,31947.95,30907.77,31947.95,0
31-Aug-05,30015.12,30908.02,29998.66,30908.02,0
29-Aug-05,30020.40,30069.82,29737.95,30015.12,0
26-Aug-05,29814.17,30056.00,29814.17,30020.40,0
25-Aug-05,29372.23,29816.33,29258.04,29814.17,0
24-Aug-05,29191.60,29372.23,28980.58,29372.23,0
23-Aug-05,28951.44,29243.25,28841.32,29191.60,0
22-Aug-05,28456.86,29007.36,28456.86,28951.44,0
19-Aug-05,28000.00,28514.66,27953.30,28456.86,0
18-Aug-05,27906.28,28334.20,27861.37,28000.00,0
17-Aug-05,28257.65,28257.65,27683.48,27906.28,0
16-Aug-05,28074.94,28665.82,28069.90,28257.65,0
15-Aug-05,28175.93,28237.86,27866.11,28074.94,0
12-Aug-05,29111.84,29182.23,28106.57,28175.93,0
11-Aug-05,29683.21,29683.21,28967.78,29111.84,0
10-Aug-05,29701.00,29954.26,29478.17,29683.21,0
9-Aug-05,29924.83,30013.71,29565.79,29701.00,0
8-Aug-05,29945.44,30125.81,29671.03,29924.83,0
5-Aug-05,30123.59,30123.59,29783.82,29945.44,0
4-Aug-05,29727.05,30163.10,29727.05,30123.59,0
3-Aug-05,29543.48,29996.22,29492.07,29727.05,0
2-Aug-05,29776.69,29881.48,29326.23,29543.48,0
1-Aug-05,29615.29,29935.55,29401.69,29776.69,0
29-Jul-05,29343.03,29731.41,29343.03,29615.29,0
28-Jul-05,-,29465.18,29149.18,29343.03,0
27-Jul-05,-,29164.82,28715.16,29164.82,0
26-Jul-05,-,29436.99,28673.89,28730.69,0
25-Jul-05,-,29312.21,29013.98,29273.25,0
22-Jul-05,-,29418.55,28972.49,29188.09,0
21-Jul-05,-,29163.92,28713.45,28946.95,0
20-Jul-05,-,29008.16,28593.47,28713.45,0
19-Jul-05,-,28675.40,28303.16,28675.40,0
18-Jul-05,-,28630.10,28236.81,28402.65,0
15-Jul-05,-,28778.73,28358.16,28427.27,0
14-Jul-05,-,28500.87,28061.92,28500.87,0
13-Jul-05,-,28185.10,27689.24,28061.92,0
12-Jul-05,-,27920.15,27573.22,27689.24,0
11-Jul-05,-,28054.23,27696.34,27808.07,0
8-Jul-05,-,27963.08,27619.03,27842.43,0
7-Jul-05,-,27952.24,26980.28,27689.50,0
6-Jul-05,-,27803.58,27374.73,27781.35,0
5-Jul-05,-,27774.32,27291.76,27377.55,0
4-Jul-05,-,27852.99,27588.18,27702.25,0
1-Jul-05,-,27616.86,26922.03,27616.86,0
30-Jun-05,-,27417.89,26573.47,26957.32,0
29-Jun-05,-,27204.33,26811.40,27135.90,0
28-Jun-05,-,26825.56,26549.28,26811.40,0
27-Jun-05,-,27033.40,26463.92,26597.80,0
24-Jun-05,-,27046.43,26647.41,27033.40,0
23-Jun-05,-,27186.71,26710.29,27021.54,0
22-Jun-05,-,26866.71,26610.70,26779.27,0
21-Jun-05,-,27019.36,26658.50,26746.40,0
20-Jun-05,-,26728.03,26427.23,26709.17,0
17-Jun-05,-,26755.36,26311.45,26529.32,0
16-Jun-05,-,26579.72,26178.52,26579.72,0
15-Jun-05,-,26287.72,25929.93,26209.42,0
14-Jun-05,-,26006.63,25609.99,25929.93,0
13-Jun-05,-,25730.44,25522.22,25609.99,0
10-Jun-05,-,25739.42,25484.38,25725.19,0
9-Jun-05,-,25881.63,25358.89,25499.99,0
8-Jun-05,-,25862.47,25448.51,25779.75,0
7-Jun-05,-,25734.13,25301.00,25478.03,0
6-Jun-05,-,26051.55,25436.76,25533.07,0
3-Jun-05,-,26134.12,25673.15,26051.55,0
2-Jun-05,-,25838.01,25230.81,25799.12,0
1-Jun-05,-,25370.72,25081.35,25230.81,0
31-May-05,-,25378.17,24789.69,25236.48,0
30-May-05,-,24977.78,24138.88,24977.78,0
27-May-05,-,24612.31,24054.09,24453.14,0
26-May-05,-,24134.63,23900.71,24054.09,0
25-May-05,-,24409.30,23890.83,24119.79,0
24-May-05,-,24575.54,24002.38,24140.93,0
23-May-05,-,25464.89,24223.82,24329.06,0
20-May-05,-,25633.51,25205.51,25464.89,0
18-May-05,-,25248.17,24828.54,25205.51,0
17-May-05,-,25202.85,24772.16,24846.11,0
16-May-05,-,25325.67,24844.57,24921.28,0
13-May-05,-,25325.67,24937.18,25325.67,0
12-May-05,-,25230.06,24638.92,25114.43,0
11-May-05,-,24688.26,24309.30,24662.88,0
10-May-05,-,25008.65,24631.37,24688.26,0
9-May-05,-,25049.31,24593.97,24702.24,0
6-May-05,-,25109.15,24795.84,24950.82,0
5-May-05,-,25181.38,24560.22,25099.87,0
4-May-05,-,24765.00,24137.94,24560.22,0
3-May-05,-,24338.73,24020.55,24137.94,0
2-May-05,-,24339.18,23591.64,24252.96,0
29-Apr-05,-,23790.36,23169.51,23591.64,0
28-Apr-05,-,24291.63,23428.36,23519.63,0
27-Apr-05,-,24483.97,23942.48,24070.13,0
26-Apr-05,-,24896.47,24399.24,24483.97,0
25-Apr-05,-,24858.75,24627.41,24798.07,0
22-Apr-05,-,24953.43,24419.37,24730.75,0
21-Apr-05,-,24419.37,23825.22,24419.37,0
20-Apr-05,-,24594.02,24061.63,24175.89,0
19-Apr-05,-,24143.88,23250.91,24143.88,0
18-Apr-05,-,23853.34,22887.85,23285.94,0
15-Apr-05,-,24541.96,23593.07,23853.34,0
14-Apr-05,-,25322.44,24443.51,24541.96,0
13-Apr-05,-,25369.22,24631.96,25293.24,0
12-Apr-05,-,25835.26,24958.91,25077.96,0
11-Apr-05,-,25969.01,25274.88,25370.26,0
8-Apr-05,-,26104.33,25659.83,25729.88,0
7-Apr-05,-,26229.01,25732.92,25798.04,0
6-Apr-05,-,26226.74,25682.54,26056.61,0
5-Apr-05,-,25682.54,25187.27,25682.54,0
4-Apr-05,-,25973.94,25337.47,25445.12,0
1-Apr-05,-,25983.10,25538.22,25740.76,0
31-Mar-05,-,25557.76,24600.92,25557.76,0
30-Mar-05,-,24788.64,24355.06,24600.92,0
29-Mar-05,-,24934.15,24243.91,24479.67,0
28-Mar-05,-,25587.66,24783.92,24842.21,0
25-Mar-05,-,25524.78,25040.74,25502.60,0
24-Mar-05,-,25119.67,24439.26,25068.49,0
23-Mar-05,-,25218.21,24158.65,24439.26,0
22-Mar-05,-,25218.21,24422.24,25218.21,0
21-Mar-05,-,25405.99,24457.04,24636.68,0
18-Mar-05,-,25458.76,24475.97,25348.51,0
17-Mar-05,-,25836.43,23874.68,24438.77,0
16-Mar-05,-,26547.17,25257.54,25331.70,0
15-Mar-05,-,27058.95,26156.65,26547.17,0
14-Mar-05,-,27572.79,26816.56,26936.75,0
11-Mar-05,-,27716.43,27471.93,27572.79,0
10-Mar-05,-,27935.60,27357.15,27519.81,0
9-Mar-05,-,27811.88,27463.04,27746.37,0
8-Mar-05,-,27929.37,27594.02,27698.34,0
7-Mar-05,-,27883.79,27539.30,27789.92,0
4-Mar-05,-,27802.24,27296.23,27663.22,0
3-Mar-05,-,27808.27,27224.17,27558.88,0
2-Mar-05,-,27964.78,27168.53,27226.38,0
1-Mar-05,-,28400.02,27631.54,27768.46,0
28-Feb-05,-,28409.54,27861.84,28396.17,0
25-Feb-05,-,28067.14,27295.00,28031.45,0
24-Feb-05,-,27445.25,26921.27,27354.57,0
23-Feb-05,-,26921.27,26403.76,26921.27,0
22-Feb-05,-,27121.15,26553.89,26657.40,0
21-Feb-05,-,27392.98,26720.81,26864.27,0
18-Feb-05,-,27299.73,26868.18,27293.22,0
17-Feb-05,-,27798.93,26868.92,27000.44,0
16-Feb-05,-,28164.08,26890.06,27661.58,0
15-Feb-05,-,28325.41,27922.17,28164.08,0
14-Feb-05,-,28065.01,27736.29,28003.60,0
11-Feb-05,-,27954.64,27234.88,27736.29,0
10-Feb-05,-,27777.17,27095.24,27308.78,0
9-Feb-05,-,28366.35,27378.01,27528.08,0
8-Feb-05,-,28315.39,27925.01,28269.69,0
7-Feb-05,-,28402.72,27813.16,28201.72,0
4-Feb-05,-,27898.96,27465.39,27813.16,0
3-Feb-05,-,28074.09,27476.75,27554.79,0
2-Feb-05,-,28278.12,27729.10,27936.53,0
1-Feb-05,-,27859.75,27330.35,27849.79,0
31-Jan-05,-,27353.71,26850.63,27330.35,0
28-Jan-05,-,27471.22,26975.18,27074.09,0
27-Jan-05,-,27661.82,27056.02,27302.74,0
26-Jan-05,-,27284.45,26781.69,27056.02,0
25-Jan-05,-,26860.59,26246.66,26859.99,0
24-Jan-05,-,26469.43,26469.43,26469.43,0
19-Jan-05,-,26918.10,26443.18,26918.10,0
18-Jan-05,-,26905.89,26624.30,26813.13,0
17-Jan-05,-,26835.19,26359.87,26768.90,0
14-Jan-05,-,26749.75,26240.08,26362.68,0
13-Jan-05,-,26565.55,26081.80,26493.02,0
12-Jan-05,-,26575.00,25804.10,26271.34,0
11-Jan-05,-,26181.12,25581.95,26110.17,0
10-Jan-05,-,25731.48,25141.97,25537.05,0
7-Jan-05,-,25308.25,24481.07,25308.25,0
6-Jan-05,-,24588.41,24237.72,24561.85,0
5-Jan-05,-,25042.00,24263.97,24422.94,0
4-Jan-05,-,25602.23,24992.82,25042.00,0
3-Jan-05,-,25508.11,24918.24,25445.15,0
29-Dec-04,-,25106.19,24837.84,24971.68,0
28-Dec-04,-,24935.82,24583.76,24935.82,0
27-Dec-04,-,24601.06,24409.85,24590.84,0
24-Dec-04,-,24646.45,24382.15,24537.72,0
23-Dec-04,-,24841.91,24345.64,24430.82,0
22-Dec-04,-,24548.01,24025.80,24525.29,0
21-Dec-04,-,24399.56,23952.49,24015.96,0
20-Dec-04,-,24717.92,24236.30,24341.41,0
17-Dec-04,-,24360.63,23181.58,24360.63,0
16-Dec-04,-,23935.20,23289.69,23935.20,0
15-Dec-04,-,23552.27,23123.89,23289.69,0
14-Dec-04,-,23968.49,23329.29,23417.90,0
13-Dec-04,-,23634.75,22943.67,23634.75,0
10-Dec-04,-,23013.39,22526.36,22943.67,0
9-Dec-04,-,22903.73,22233.76,22679.88,0
8-Dec-04,-,23075.58,22469.77,22625.44,0
7-Dec-04,-,23075.58,22759.80,23075.58,0
6-Dec-04,-,23286.24,22892.95,23049.51,0
3-Dec-04,-,23219.79,22930.36,23008.07,0
2-Dec-04,-,23150.25,22560.87,23150.06,0
1-Dec-04,-,22856.68,22481.98,22560.87,0
30-Nov-04,-,22799.16,22356.68,22486.20,0
29-Nov-04,-,23297.43,22648.88,22799.16,0
26-Nov-04,-,23511.26,23165.00,23293.21,0
25-Nov-04,-,23587.90,23294.73,23464.46,0
24-Nov-04,-,23705.79,23396.50,23516.34,0
23-Nov-04,-,23515.04,22931.37,23472.44,0
22-Nov-04,-,23176.70,22808.00,22877.40,0
19-Nov-04,-,23196.38,22897.00,23176.70,0
18-Nov-04,-,23151.95,22566.40,23132.59,0
17-Nov-04,-,22566.40,22104.69,22566.40,0
12-Nov-04,-,22326.48,22021.52,22104.69,0
11-Nov-04,-,22760.94,21959.49,22186.87,0
10-Nov-04,-,22800.96,22544.28,22618.03,0
9-Nov-04,-,22651.05,22285.54,22544.28,0
8-Nov-04,-,23240.90,22530.43,22615.99,0
5-Nov-04,-,23308.89,22929.77,23215.57,0
4-Nov-04,-,23657.85,22961.79,23006.45,0
3-Nov-04,-,23674.13,23211.18,23437.79,0
2-Nov-04,-,23225.79,22711.85,23215.56,0
1-Nov-04,-,23113.68,22723.45,22857.94,0
28-Oct-04,-,22899.89,22528.32,22899.89,0
27-Oct-04,-,22691.54,22142.50,22565.77,0
26-Oct-04,-,22164.44,21731.15,22142.50,0
25-Oct-04,-,22243.97,21705.93,21907.82,0
22-Oct-04,-,22482.13,22119.23,22243.97,0
21-Oct-04,-,22341.05,22129.52,22201.51,0
20-Oct-04,-,22565.52,22118.91,22220.77,0
19-Oct-04,-,22680.44,22334.30,22550.89,0
18-Oct-04,-,22654.90,22227.60,22334.30,0
15-Oct-04,-,22537.32,22182.36,22477.09,0
14-Oct-04,-,22630.03,22211.70,22318.89,0
13-Oct-04,-,22803.79,22248.08,22630.03,0
12-Oct-04,-,22850.43,22117.99,22289.86,0
11-Oct-04,-,23241.40,22672.57,22787.34,0
8-Oct-04,-,22951.36,22346.48,22951.36,0
7-Oct-04,-,22585.68,22233.52,22432.22,0
6-Oct-04,-,22287.12,21592.86,22287.12,0
5-Oct-04,-,22057.14,21431.94,21612.50,0
4-Oct-04,-,22048.56,21558.26,21987.74,0
1-Oct-04,-,22201.57,21611.42,21722.50,0
30-Sep-04,-,22326.73,21770.13,21864.11,0
29-Sep-04,-,22414.92,22136.86,22219.88,0
28-Sep-04,-,22345.92,21802.69,22293.78,0
27-Sep-04,-,22397.05,21972.32,22082.95,0
24-Sep-04,-,22639.99,22177.18,22307.44,0
23-Sep-04,-,22303.16,21290.29,22276.74,0
22-Sep-04,-,21537.90,21164.87,21491.42,0
21-Sep-04,-,21192.85,20213.34,21192.85,0
20-Sep-04,-,20833.16,20041.90,20373.42,0
17-Sep-04,-,21704.75,20762.57,20833.16,0
16-Sep-04,-,21770.16,21325.75,21704.75,0
15-Sep-04,-,21981.96,21518.03,21564.34,0
14-Sep-04,-,21705.34,21059.56,21705.34,0
13-Sep-04,-,21126.14,20866.25,21060.24,0
10-Sep-04,-,21398.03,20959.75,21004.14,0
9-Sep-04,-,21553.64,21213.36,21398.03,0
8-Sep-04,-,21572.01,21063.46,21468.27,0
7-Sep-04,-,21188.38,20851.56,21119.16,0
6-Sep-04,-,20886.22,20574.76,20851.56,0
3-Sep-04,-,20800.22,20470.14,20775.00,0
2-Sep-04,-,20703.38,20309.20,20525.92,0
1-Sep-04,-,20630.47,20218.37,20512.20,0
31-Aug-04,-,20243.21,19753.42,20218.37,0
27-Aug-04,-,19861.56,19572.29,19855.25,0
26-Aug-04,-,19675.42,19383.51,19572.29,0
25-Aug-04,-,19738.70,19477.84,19558.01,0
24-Aug-04,-,19663.58,19339.82,19663.58,0
23-Aug-04,-,19412.88,19150.88,19318.01,0
20-Aug-04,-,19286.34,19052.51,19286.34,0
19-Aug-04,-,19443.14,19125.27,19187.80,0
18-Aug-04,-,19583.87,19190.16,19268.05,0
17-Aug-04,-,19459.72,18832.15,19459.72,0
16-Aug-04,-,18860.72,18651.66,18832.15,0
13-Aug-04,-,18856.81,18599.81,18825.98,0
12-Aug-04,-,18950.54,18692.06,18775.46,0
11-Aug-04,-,19482.79,18848.73,18908.57,0
10-Aug-04,-,19413.44,19051.53,19326.92,0
9-Aug-04,-,19608.92,19171.36,19248.10,0
6-Aug-04,-,19344.25,18968.10,19187.55,0
5-Aug-04,-,19400.82,19048.52,19344.25,0
4-Aug-04,-,19447.32,18967.45,19048.52,0
3-Aug-04,-,19753.66,19312.13,19331.53,0
2-Aug-04,-,19705.96,19380.86,19698.12,0
30-Jul-04,-,19411.68,19101.33,19380.86,0
29-Jul-04,-,19154.16,18944.91,19111.36,0
28-Jul-04,-,19022.22,18741.14,19018.63,0
27-Jul-04,-,18774.62,18498.46,18774.62,0
26-Jul-04,-,19038.16,18561.12,18645.38,0
23-Jul-04,-,18911.39,18615.61,18904.28,0
22-Jul-04,-,18779.76,18540.61,18628.69,0
21-Jul-04,-,19082.23,18613.85,18779.76,0
20-Jul-04,-,19098.72,18741.88,18881.31,0
19-Jul-04,-,19183.88,18803.86,18944.98,0
16-Jul-04,-,19157.29,18884.07,19157.29,0
15-Jul-04,-,18975.38,18540.02,18950.73,0
14-Jul-04,-,18635.76,18434.41,18635.15,0
13-Jul-04,-,18683.78,18273.89,18492.99,0
12-Jul-04,-,18470.39,18285.28,18368.44,0
9-Jul-04,-,18333.35,17994.09,18327.07,0
8-Jul-04,-,18401.28,18061.54,18076.87,0
7-Jul-04,-,18319.00,18046.39,18296.68,0
6-Jul-04,-,18649.10,18167.53,18237.60,0
5-Jul-04,-,18707.87,18258.50,18554.81,0
2-Jul-04,-,18490.40,18152.33,18416.39,0
1-Jul-04,-,18319.22,17925.30,18290.31,0
30-Jun-04,-,17967.60,17677.76,17967.60,0
29-Jun-04,-,17819.42,17479.56,17735.54,0
28-Jun-04,-,17712.88,17292.83,17710.37,0
25-Jun-04,-,17394.76,16888.60,17355.16,0
24-Jun-04,-,17140.89,16717.78,16888.60,0
23-Jun-04,-,16837.70,16629.63,16820.03,0
22-Jun-04,-,17037.48,16663.97,16752.76,0
21-Jun-04,-,17000.47,16749.66,16785.39,0
18-Jun-04,-,17086.57,16849.46,16964.08,0
17-Jun-04,-,17159.12,16827.20,16901.38,0
16-Jun-04,-,17440.50,17034.10,17099.00,0
15-Jun-04,-,17236.21,16954.87,17230.48,0
14-Jun-04,-,17664.46,16999.73,17079.84,0
11-Jun-04,-,17868.35,17527.43,17664.46,0
10-Jun-04,-,17860.42,17602.87,17786.42,0
9-Jun-04,-,17790.77,17492.13,17615.57,0
8-Jun-04,-,18048.66,17593.40,17604.06,0
7-Jun-04,-,18020.29,17609.79,18020.29,0
4-Jun-04,-,17708.15,17044.44,17708.15,0
3-Jun-04,-,17055.70,16753.13,17044.44,0
2-Jun-04,-,16925.52,16672.44,16867.52,0
1-Jun-04,-,17339.99,16707.71,16766.78,0
31-May-04,-,17327.87,16996.10,17081.08,0
28-May-04,-,17461.07,17163.98,17327.87,0
27-May-04,-,17253.15,16926.18,17163.98,0
26-May-04,-,17271.07,16791.05,17235.48,0
25-May-04,-,17167.42,16742.11,16791.05,0
24-May-04,-,17167.42,16628.77,17167.42,0
21-May-04,-,16647.69,16270.37,16628.77,0
20-May-04,-,16389.07,16124.30,16334.21,0
18-May-04,-,16234.81,15803.56,16124.30,0
17-May-04,-,16775.27,15868.52,15922.44,0
14-May-04,-,16968.30,16381.41,16531.26,0
13-May-04,-,17144.65,16623.72,16645.92,0
12-May-04,-,17413.27,17078.09,17144.65,0
11-May-04,-,17227.58,16573.12,17102.52,0
10-May-04,-,17001.97,16700.39,16807.71,0
7-May-04,-,17624.05,16899.32,17001.97,0
6-May-04,-,18371.27,17534.95,17624.05,0
5-May-04,-,18373.59,18088.94,18272.37,0
4-May-04,-,18244.74,17587.17,18244.74,0
3-May-04,-,18348.24,17558.57,17678.25,0
30-Apr-04,-,18039.33,17700.58,18022.69,0
29-Apr-04,-,18229.71,17471.35,17737.88,0
28-Apr-04,-,18353.14,18001.81,18229.71,0
27-Apr-04,-,18586.46,17772.61,18217.13,0
26-Apr-04,-,19600.88,18520.49,18586.46,0
22-Apr-04,-,19523.32,19137.27,19431.50,0
21-Apr-04,-,19533.79,19191.80,19270.39,0
20-Apr-04,-,20026.31,19439.88,19512.86,0
19-Apr-04,-,19948.22,19269.46,19894.33,0
16-Apr-04,-,19269.46,18687.54,19269.46,0
15-Apr-04,-,18792.16,18328.04,18687.54,0
14-Apr-04,-,19410.53,18652.48,18678.22,0
13-Apr-04,-,19259.50,18890.80,19104.36,0
12-Apr-04,-,19571.73,19107.10,19259.50,0
9-Apr-04,-,19729.87,19419.79,19505.17,0
8-Apr-04,-,20040.10,19301.16,19419.79,0
7-Apr-04,-,20390.62,19984.17,20040.10,0
6-Apr-04,-,20474.72,20154.71,20272.94,0
5-Apr-04,-,20610.91,20239.64,20330.90,0
2-Apr-04,-,20549.98,20322.17,20485.03,0
1-Apr-04,-,20447.11,20190.83,20322.17,0
31-Mar-04,-,20283.49,19880.48,20190.83,0
30-Mar-04,-,20896.54,19945.04,20030.71,0
29-Mar-04,-,21314.98,20568.09,20887.00,0
26-Mar-04,-,20913.20,20472.61,20836.12,0
25-Mar-04,-,20501.08,20110.84,20472.61,0
24-Mar-04,-,20541.05,20185.78,20347.82,0
23-Mar-04,-,20457.31,19978.92,20185.78,0
22-Mar-04,-,20396.86,20023.77,20167.21,0
19-Mar-04,-,20023.86,19611.13,20023.77,0
18-Mar-04,-,19619.20,19123.11,19611.13,0
17-Mar-04,-,19491.46,19207.30,19294.50,0
16-Mar-04,-,19526.54,19256.82,19267.69,0
15-Mar-04,-,19619.30,19364.41,19526.54,0
12-Mar-04,-,19595.41,19142.20,19364.41,0
11-Mar-04,-,19861.67,19292.11,19381.40,0
10-Mar-04,-,19798.79,19418.11,19798.79,0
9-Mar-04,-,19826.43,19451.09,19488.47,0
8-Mar-04,-,19590.30,19165.70,19495.36,0
5-Mar-04,-,19220.42,18938.34,19165.70,0
4-Mar-04,-,19327.44,18888.58,19015.47,0
3-Mar-04,-,19364.62,19119.23,19171.91,0
2-Mar-04,-,19356.62,18675.70,19356.62,0
1-Mar-04,-,19008.88,18711.37,18786.39,0
27-Feb-04,-,18987.79,18676.18,18889.20,0
26-Feb-04,-,19054.13,18707.11,18771.63,0
25-Feb-04,-,18751.86,18497.74,18707.11,0
24-Feb-04,-,18680.09,18235.14,18497.74,0
23-Feb-04,-,18694.19,18227.46,18284.02,0
20-Feb-04,-,18710.08,18103.49,18603.83,0
19-Feb-04,-,19560.20,18559.99,18605.97,0
18-Feb-04,-,19486.81,18761.70,19478.68,0
17-Feb-04,-,19525.63,18968.18,19010.14,0
16-Feb-04,-,19929.55,19000.46,19324.49,0
13-Feb-04,-,19246.03,18720.72,18960.32,0
12-Feb-04,-,18999.38,18000.26,18885.89,0
11-Feb-04,-,18007.59,17418.52,18000.26,0
10-Feb-04,-,17879.38,17370.48,17418.52,0
9-Feb-04,-,17653.57,16565.68,17640.97,0
6-Feb-04,-,17123.74,16677.66,16965.83,0
5-Feb-04,-,17515.97,16961.79,17033.75,0
30-Jan-04,-,17568.19,17051.05,17259.25,0
29-Jan-04,-,17933.24,16982.77,17282.30,0
28-Jan-04,-,18066.87,17563.76,17867.43,0
27-Jan-04,-,18658.03,17792.95,17899.54,0
26-Jan-04,-,18592.99,18139.48,18356.54,0
22-Jan-04,-,18992.09,18397.45,18518.07,0
21-Jan-04,-,18980.37,18521.43,18899.94,0
20-Jan-04,-,18832.78,17788.62,18832.78,0
19-Jan-04,-,18344.67,17713.04,17788.62,0
16-Jan-04,-,19010.69,18239.61,18301.16,0
15-Jan-04,-,19076.41,18449.11,18952.22,0
14-Jan-04,-,19692.46,18736.59,18818.56,0
13-Jan-04,-,19689.63,19250.72,19460.26,0
12-Jan-04,-,20190.03,19467.30,19558.81,0
9-Jan-04,-,19968.85,19404.91,19926.48,0
8-Jan-04,-,19777.35,19320.73,19404.91,0
7-Jan-04,-,19479.82,18670.54,19382.80,0
6-Jan-04,-,19921.46,18932.86,19013.84,0
5-Jan-04,-,19725.03,19147.69,19696.61,0
2-Jan-04,-,19168.69,18625.02,19147.69,0
31-Dec-03,-,18708.04,18292.92,18625.02,0
30-Dec-03,-,18318.21,17973.90,18292.92,0
29-Dec-03,-,18169.14,17859.26,17973.90,0
26-Dec-03,-,17996.80,17628.03,17996.80,0
25-Dec-03,-,18459.04,17535.73,17643.74,0
24-Dec-03,-,18457.66,18141.08,18239.88,0
23-Dec-03,-,18701.09,18184.73,18242.01,0
22-Dec-03,-,18439.25,18045.64,18387.58,0
19-Dec-03,-,18210.07,17742.44,18206.10,0
18-Dec-03,-,17742.44,17230.78,17742.44,0
17-Dec-03,-,17354.03,17126.66,17230.78,0
16-Dec-03,-,17529.85,17158.04,17208.51,0
15-Dec-03,-,17647.87,16955.20,17410.00,0
12-Dec-03,-,17083.50,16551.62,16955.20,0
11-Dec-03,-,16712.31,16472.15,16551.62,0
10-Dec-03,-,16892.92,16504.94,16614.74,0
9-Dec-03,-,17101.19,16776.51,16861.01,0
8-Dec-03,-,16962.52,16504.80,16913.31,0
5-Dec-03,-,16504.80,16242.60,16504.80,0
4-Dec-03,-,16746.16,16164.43,16271.86,0
3-Dec-03,-,16491.08,16147.43,16389.59,0
2-Dec-03,-,16264.64,15911.29,16242.00,0
1-Dec-03,-,16007.59,14617.53,16007.59,0
20-Nov-03,-,16021.50,14617.53,14617.53,0
19-Nov-03,-,15982.50,15644.81,15780.20,0
18-Nov-03,-,15928.65,15647.57,15760.45,0
17-Nov-03,-,16180.72,15614.97,15687.13,0
14-Nov-03,-,16280.58,15939.17,16080.67,0
13-Nov-03,-,16134.52,15744.61,16056.58,0
12-Nov-03,-,15771.44,15121.94,15771.44,0
11-Nov-03,-,15666.13,15132.13,15224.14,0
10-Nov-03,-,15793.71,15477.85,15528.61,0
7-Nov-03,-,15758.82,15403.57,15708.07,0
6-Nov-03,-,16408.33,15409.56,15536.77,0
5-Nov-03,-,16460.69,15964.95,16408.33,0
4-Nov-03,-,16540.92,16137.59,16268.25,0
3-Nov-03,-,16341.19,15754.34,16341.19,0
31-Oct-03,-,15776.24,15379.72,15754.34,0
30-Oct-03,-,15454.59,14604.16,15379.72,0
28-Oct-03,-,14712.29,14429.95,14673.40,0
27-Oct-03,-,14866.31,14392.49,14564.75,0
24-Oct-03,-,15033.34,14725.90,14866.31,0
23-Oct-03,-,15374.04,14691.08,14829.49,0
22-Oct-03,-,15664.76,15250.66,15300.35,0
21-Oct-03,-,15653.48,15235.90,15595.26,0
20-Oct-03,-,15453.43,15222.88,15358.65,0
17-Oct-03,-,15598.57,15205.41,15353.92,0
16-Oct-03,-,15755.71,15382.24,15596.80,0
15-Oct-03,-,15461.35,15023.00,15382.24,0
14-Oct-03,-,15317.17,14740.85,15023.00,0
13-Oct-03,-,15692.10,15014.10,15064.83,0
10-Oct-03,-,15461.11,14906.76,15420.60,0
9-Oct-03,-,15215.49,14779.86,14906.97,0
8-Oct-03,-,15699.86,15069.63,15147.76,0
7-Oct-03,-,16442.73,15387.26,15482.66,0
6-Oct-03,-,15719.71,14210.22,15719.71,0
3-Oct-03,-,14417.23,13880.49,14210.22,0
2-Oct-03,-,13880.49,13240.88,13880.49,0
1-Oct-03,-,13444.01,13007.82,13444.01,0
30-Sep-03,-,13412.19,12833.87,13055.90,0
29-Sep-03,-,13758.78,13166.46,13255.87,0
26-Sep-03,-,13944.87,13699.22,13758.78,0
25-Sep-03,-,13976.17,13603.41,13935.67,0
24-Sep-03,-,14117.14,13713.77,13798.30,0
23-Sep-03,-,14102.88,13689.36,14031.06,0
22-Sep-03,-,14148.20,13663.53,13845.02,0
19-Sep-03,-,13663.53,13353.86,13663.53,0
18-Sep-03,-,13456.43,12958.17,13419.28,0
17-Sep-03,-,13205.93,12872.78,12958.17,0
16-Sep-03,-,13005.03,12602.95,13005.03,0
15-Sep-03,-,12876.34,12604.20,12662.47,0
12-Sep-03,-,12805.58,12507.02,12715.18,0
11-Sep-03,-,12507.02,12215.76,12507.02,0
10-Sep-03,-,12425.03,11946.68,12317.68,0
9-Sep-03,-,11946.68,11469.84,11946.68,0
8-Sep-03,-,11645.95,11514.58,11581.34,0
5-Sep-03,-,11682.65,11566.66,11631.78,0
4-Sep-03,-,11707.23,11543.22,11636.48,0
3-Sep-03,-,11698.90,11601.05,11671.78,0
2-Sep-03,-,11762.12,11579.02,11637.09,0
1-Sep-03,-,11687.06,11571.26,11652.83,0
29-Aug-03,-,11704.02,11487.42,11611.84,0
28-Aug-03,-,11668.51,11411.74,11508.97,0
27-Aug-03,-,11735.19,11494.03,11623.36,0
26-Aug-03,-,11797.97,11659.90,11735.19,0
25-Aug-03,-,12074.48,11751.96,11797.97,0
22-Aug-03,-,12020.11,11761.62,12001.08,0
21-Aug-03,-,11845.94,11519.41,11845.94,0
20-Aug-03,-,11751.34,11514.22,11523.96,0
19-Aug-03,-,11697.35,11478.68,11688.90,0
18-Aug-03,-,11893.24,11600.88,11661.22,0
15-Aug-03,-,11877.47,11660.22,11877.47,0
14-Aug-03,-,11916.14,11669.70,11794.89,0
13-Aug-03,-,12075.22,11858.87,11916.14,0
12-Aug-03,-,11931.19,11721.50,11860.11,0
11-Aug-03,-,11764.52,11467.79,11762.29,0
8-Aug-03,-,11579.91,11449.19,11558.45,0
7-Aug-03,-,11571.58,11305.90,11547.36,0
6-Aug-03,-,11584.19,11255.62,11311.12,0
5-Aug-03,-,11516.23,11112.12,11499.89,0
4-Aug-03,-,11150.82,10621.15,11112.12,0
1-Aug-03,-,10652.11,10519.10,10621.15,0
31-Jul-03,-,10572.04,10419.82,10572.04,0
30-Jul-03,-,10530.94,10403.62,10444.95,0
29-Jul-03,-,10598.30,10418.30,10478.27,0
28-Jul-03,-,10620.15,10512.54,10598.30,0
25-Jul-03,-,10561.33,10439.34,10561.33,0
24-Jul-03,-,10556.41,10319.29,10475.16,0
23-Jul-03,-,10544.49,10359.00,10463.82,0
22-Jul-03,-,10827.26,10508.01,10544.49,0
21-Jul-03,-,10925.83,10755.93,10827.26,0
18-Jul-03,-,10856.85,10724.02,10856.85,0
17-Jul-03,-,10861.37,10685.83,10751.46,0
16-Jul-03,-,10993.27,10754.62,10759.65,0
15-Jul-03,-,10924.01,10652.31,10918.57,0
14-Jul-03,-,10712.99,10454.92,10658.81,0
11-Jul-03,-,10538.18,10370.69,10454.92,0
10-Jul-03,-,10467.79,10331.09,10399.67,0
9-Jul-03,-,10546.88,10268.87,10364.93,0
8-Jul-03,-,10546.88,10286.92,10546.88,0
7-Jul-03,-,10502.88,10181.72,10351.83,0
4-Jul-03,-,10808.69,10429.11,10487.67,0
3-Jul-03,-,10759.63,10602.66,10726.55,0
2-Jul-03,-,10796.07,10636.74,10690.94,0
1-Jul-03,-,10974.41,10682.42,10749.83,0
30-Jun-03,-,10994.07,10814.57,10884.43,0
27-Jun-03,-,11012.93,10922.15,10981.24,0
26-Jun-03,-,10948.10,10740.19,10927.80,0
25-Jun-03,-,10762.20,10650.99,10740.19,0
24-Jun-03,-,10887.29,10710.17,10756.82,0
23-Jun-03,-,10838.83,10683.87,10747.50,0
20-Jun-03,-,10990.66,10745.16,10783.91,0
19-Jun-03,-,11122.54,10858.80,10902.53,0
18-Jun-03,-,11314.44,11020.61,11081.86,0
17-Jun-03,-,11224.58,11036.69,11169.20,0
16-Jun-03,-,11036.69,10659.43,11036.69,0
13-Jun-03,-,10719.57,10473.83,10713.85,0
12-Jun-03,-,10626.67,10396.32,10489.19,0
11-Jun-03,-,10658.41,10441.09,10597.31,0
10-Jun-03,-,10904.96,10629.66,10644.74,0
9-Jun-03,-,10973.38,10652.75,10827.78,0
6-Jun-03,-,11258.71,10928.72,10973.38,0
5-Jun-03,-,11203.38,11003.89,11129.74,0
4-Jun-03,-,11440.91,11036.96,11084.67,0
3-Jun-03,-,11632.70,11223.02,11346.50,0
2-Jun-03,-,11602.74,11379.99,11579.26,0
