yem,svn,bvt,mnp,lso,scg,tkm,alb,ita,tto,nld,tcd,reu,mne,mng,cuw,bfa,ksv,nga,zmb,gmb,hrv,gtm,imn,aus,jam,pcn,aut,sgp,dji,vct,mwi,fin,tkl,moz,bih,pcz,tls,tjk,pse,lca,ssd,geo,nor,mhl,pak,png,guf,umi,nfk,zwe,gum,gbr,guy,cri,cmr,shn,kwt,mtq,wsm,mda,mdg,hti,aze,qat,mar,are,arg,sen,btn,mdv,arm,uga,est,blx,mus,blz,lux,ddr,bdi,smr,per,blr,irl,sur,irn,abw,stp,tca,ner,esh,plw,ken,jor,spm,tur,omn,tuv,mmr,bwa,ecu,tun,sle,rus,hkg,dza,atg,bgd,ltu,isr,caf,idn,swe,bgr,bol,cod,cog,isl,glp,tha,eth,com,col,wlf,sjm,cxr,can,zaf,fro,som,uzb,ukr,vir,brn,pol,tgo,dnk,lka,brb,bra,yug,fra,mkd,che,usa,chi,chl,msr,chn,mex,pci,ton,gib,rwa,gin,kor,vat,cub,mco,srb,cyp,hun,kgz,egy,ven,xxa,ncl,bmu,ymd,sun,sdn,gab,cym,svk,dma,gnq,ben,bel,slv,mli,deu,gnb,yar,flk,fdr,lva,civ,mlt,rou,bes,aia,eri,slb,nzl,and,lbr,jpn,lby,mys,vut,pri,myt,prk,ant,prt,khm,ind,bhs,bhr,pry,sau,cze,lie,naa,csk,swz,afg,mid,vgb,nam,grd,nru,grc,twn,grl,lbn,pan,syc,npl,lao,phl,kir,vnm,iot,syr,mac,maf,kaz,cok,pyf,niu,ago,fji,hnd,dom,mrt,wld,esp,nic,fsm,kna,gha,cck,irq,ury,cpv,tza
20.857583673469396,28.217608616780044,nan,134.49512853185595,nan,32.229958276643998,49.26207999999999,39.178958276643989,23.208453514739226,54.709663038548754,29.562132426303855,50.314299999999989,nan,nan,34.012469387755097,nan,51.17350113378685,nan,38.469541950113381,51.130744217687067,59.662513378684807,24.941831292517008,30.394396371882085,nan,63.194389569161004,58.240593197278919,153.94041358024694,36.086377324263033,125.44821814058962,34.817260000000005,75.089106122448982,42.327717460317473,56.937532426303854,124.08085096952908,47.009599000000001,22.768874749999995,nan,38.517186851211072,79.985103854875277,nan,47.297605895691603,nan,116.55545079365081,37.864227664399088,452.02983475000008,55.168989569160992,44.225799092970519,nan,nan,21.954208616780043,50.60976462585036,nan,40.826810884353733,61.888129705215427,31.449341950113379,54.496624943310657,43.863520181405896,41.815421768707488,nan,93.334227664399108,41.982640816326544,36.176958276643994,34.578284750000009,82.085547922437669,80.728101133786851,34.443088435374136,56.183875283446717,70.450691609977312,23.171570521541952,169.45137499999996,51.858060317460321,316.54511358024695,28.03172290249433,28.142396371882093,19.575301133786848,36.910310657596362,39.058530000000005,nan,nan,102.14046,nan,42.078336054421769,34.786065759637196,79.172850793650795,76.039793197278911,51.817736054421779,182.5852864265928,39.095202721088448,84.363802721088433,35.208218140589558,126.01675555555555,71.617369135802477,45.384148752834463,25.436029931972783,34.878385041551248,36.695424943310648,49.657551473922901,58.458242659279769,49.749008616780053,nan,37.068774149659866,42.818596371882094,29.569010884353744,39.344624943310656,57.100415419501147,53.248539229024928,77.119459999999989,109.82948274999998,28.048513378684806,49.860503854875269,93.432882086167808,62.996433106575957,51.412872562358274,35.291253514739232,22.8591514739229,29.157268027210883,67.205688435374128,33.181599092970522,nan,76.983882086167796,56.889977324263043,101.95800246913579,48.121155102040824,45.210496598639466,nan,42.160212654320986,64.566805895691616,47.583415419501129,nan,86.659399000000036,54.380221768707479,29.253259863945573,nan,77.206732426303844,35.441069387755107,49.307482086167795,32.204170521541947,51.352888435374155,44.817189569160995,55.223544217687071,nan,29.462186848072552,28.945913378684807,24.993029931972792,51.574755102040832,nan,50.279697959183672,209.08994475,67.854815419501136,73.280094331065783,nan,28.385936054421773,72.726672562358289,46.11481814058957,44.899884807256242,62.35966303854876,nan,24.547189569160999,128.16944152249135,nan,40.270437188208618,39.574993197278914,44.320221768707484,35.229510657596364,36.358129705215418,40.446456235827661,55.357793197278909,77.571865373961231,nan,nan,28.358659863945576,84.907986848072582,105.00516,35.146596371882083,48.207602721088435,42.107305817174513,136.09692899999999,nan,27.134688435374155,34.868513378684803,30.262694331065756,42.696144750000002,nan,106.958809,nan,34.484243990929713,49.875084807256243,86.17720861678005,37.096088888888879,nan,256.13262999999995,55.227844321329627,35.366891609977323,48.142053514739231,18.380951473922902,452.11903475000008,25.359999092970515,27.696717006802725,127.86385034013603,117.74253605442172,nan,nan,35.911134693877557,109.09873242630385,27.785218140589571,55.981215419501147,47.055999092970509,165.51459,53.876010884353718,38.76592970521542,31.398612244897954,47.093586848072562,nan,nan,nan,nan,167.37409475000001,nan,249.97663000000003,nan,22.717601360544212,32.305355102040828,22.406755102040819,nan,21.551789569161002,22.394526530612243,185.46739183673472,32.118713378684802,64.873653514739232,44.788913378684803,100.35134195011337,33.587668999999991,33.50734421768707,46.068465373961217,40.092767800453508,61.557833106575963,nan,41.855040816326536,29.238072562358269,43.302920181405895,43.869911357340726,130.53216121883656,39.434580045351488,38.68251337868481,70.851580045351483,34.066516343490314,nan,34.364648979591848,28.692837188208625,112.55702343749996,46.21985623582767,40.497497959183676,52.867455955678665,76.961313580246909,26.463377324263039,45.464240443213299,37.64909659863946
18.906075283446711,28.500031292517011,nan,141.81655474999999,nan,25.554999092970526,36.510199092970524,38.635065759637193,23.100945578231293,37.502439455782309,32.580256235827676,56.29830475,nan,nan,41.017158276643997,nan,68.674220000000005,nan,38.568925170068027,46.790507482993199,34.872031292517008,26.195367800453511,27.283202721088443,nan,61.64777414965986,35.561863038548744,106.06970865051903,36.664477551020411,120.8544693877551,34.130212244897962,60.863904749999996,56.34983129251701,54.805345578231289,221.50120899653976,43.525383673469392,31.839078911564631,nan,41.388323765432098,41.392944750000012,nan,27.371541950113379,nan,63.471167800453522,37.904646712018135,474.58738781163447,58.170947392290245,46.527402721088428,nan,nan,91.47816507936507,52.252010884353751,nan,41.739932426303852,70.573958276643978,27.323650340136062,54.128665759637194,140.57771800554022,79.792218140589569,nan,76.299421768707475,29.928608616780046,55.944227664399087,40.012917006802724,31.303164750000001,58.639901133786871,33.558339229024945,71.32694195011338,70.692717006802724,34.889532426303859,194.827318359375,41.905665759637188,240.82678116343484,27.699736054421766,27.021720181405893,21.276799092970521,38.89899183673468,45.005936054421774,nan,nan,68.532090000000011,nan,50.907237188208619,32.26547755102041,72.57642222222222,47.368180045351487,33.104018140589567,107.59613739612189,42.344227664399085,73.31841939058171,45.598999092970523,58.175330103806225,71.834187811634322,49.4286439909297,35.240999092970526,30.747989569160993,42.730177324263046,51.87047528344673,35.079263711911359,52.428377324263032,nan,35.739478911564625,47.740627664399099,25.949332426303858,29.434520181405894,57.958820408163277,50.780840816326545,151.02193605442176,88.217129999999983,25.654974149659864,51.335558276644008,125.28184671201814,67.750586848072572,49.067513378684808,34.434084807256241,27.462672562358268,24.932164625850337,40.803218140589564,35.88555555555557,nan,80.104024943310662,75.164254749999998,112.37967275000001,51.478774149659863,47.29721108033241,nan,33.406203324099728,64.748453514739239,52.9528013605442,nan,136.24904900000007,43.839558276643992,101.47306938775512,nan,108.96237460317458,37.561697959183675,44.214012244897951,32.242002721088433,55.248755102040832,41.595431292517013,62.278126530612226,nan,30.937694331065753,29.088922902494335,24.420180045351479,48.94998367346939,nan,54.941237188208625,58.741169999999997,65.440306122448945,72.277186848072574,nan,27.986342857142848,113.80830385487533,35.95128843537416,57.98141541950114,60.316507936507932,nan,37.509408616780043,108.50336899999999,nan,43.664605895691601,44.979005895691607,54.24165351473922,47.882720181405894,44.785186848072549,94.025189569161,53.161532426303857,170.39753739612186,nan,nan,34.242983673469389,70.297755102040796,209.67289307479226,34.748922902494328,34.179145578231292,48.658998337950145,87.892460000000014,nan,22.788050340136056,38.773544217687082,30.510151473922903,50.879314127423811,nan,108.7337419501134,nan,35.185465759637182,35.627560997732431,82.850053514739244,39.146751473922905,nan,67.077585041551245,70.320424750000001,38.096659863945582,46.201518820861686,19.45228843537415,419.90939474999988,30.113713378684803,35.500434467120172,134.43836780045356,156.18710113378688,nan,nan,35.277463038548746,104.70947528344669,30.918377324263041,97.142506122448978,54.322037188208597,72.999244750000017,45.872270000000007,42.750256235827671,34.900993197278922,51.405163265306101,nan,nan,nan,nan,117.05968843537411,nan,319.27041541950121,nan,28.016469387755105,47.995915646258517,23.175193197278912,nan,26.013082086167795,21.32752653061225,215.38976099773251,69.171360997732421,56.981358276644002,74.290088435374145,91.434458503401331,35.340750000000007,37.831906122448977,73.215220000000002,42.838589569161002,74.740151473922907,nan,39.471913378684818,66.052888999999993,37.817583673469393,148.15870747922435,126.93086999999998,46.440027664399089,34.923482086167802,58.491897959183689,23.597599092970523,nan,36.928218140589571,24.636967800453508,108.47788512110726,36.692793197278924,46.443884807256225,31.746853185595576,379.78510246913561,26.339824943310656,53.949709999999996,33.472208616780051
20.688729705215422,28.64830385487528,nan,199.02123275000002,nan,24.455996371882087,65.193772789115641,28.631536054421776,23.131818140589569,84.975186848072553,37.381770521541952,33.817429000000004,nan,nan,38.529475283446715,nan,74.899484807256243,nan,42.931770521541949,49.872703854875283,27.195955102040816,30.939237188208619,28.970360997732435,nan,58.888977324263038,28.945443990929704,105.33064152249133,38.81732290249434,123.81534421768707,80.705820000000017,33.912145578231296,59.737182312925178,54.702345578231309,73.059450969529081,45.404608616780045,22.286843990929704,nan,306.15050555555553,41.685844749999994,nan,28.556964625850338,nan,61.714167800453524,41.189177324263042,401.77984081632661,50.145403174603175,49.765424943310663,nan,nan,49.126393197278901,56.318056235827662,nan,44.497732426303862,46.364621768707472,33.955618140589564,46.687703854875281,53.386279999999999,54.977605895691624,nan,56.841888435374166,28.091989569161001,40.300837188208618,50.159548752834468,46.636008616780046,101.2623038548753,33.229869387755102,61.705231292517013,68.866180045351499,33.817424943310655,263.41942160664837,31.094174149659867,50.032494331065749,24.129637188208616,30.064688435374155,21.710472562358277,45.334050340136052,40.391259863945578,nan,nan,42.678540000000012,nan,52.03018684807256,57.884063038548739,77.248396371882095,42.597396371882084,45.540087074829934,109.96139833795014,36.188110657596376,88.99686475,27.03678,289.71655147928999,71.998414404432154,32.892780045351465,29.539650340136063,128.91382494331063,43.374946031746035,54.155237188208631,27.605668209876541,48.36626575963718,nan,39.417110657596375,45.886650340136065,44.578524750000007,28.29563446712018,60.656593197278937,60.567170521541954,220.99588475000002,53.312380045351496,27.460640816326531,46.893722902494339,160.33775827664402,70.611610884353738,51.997208616780057,39.037627664399096,37.68287256235827,27.745639000000001,61.919046712018144,35.774926530612255,nan,87.393913378684829,57.105275283446709,143.51864432132965,52.656736054421778,390.33343999999994,nan,47.998800554016626,65.615484807256252,62.896332426303857,nan,151.5499918367347,48.013967800453521,96.021370521541968,nan,53.377682086167809,37.564010884353735,43.771848979591837,31.900034467120175,51.04371700680273,41.772020408163272,73.496701133786857,nan,32.56013786848073,23.585250340136056,25.467063038548751,49.008155102040824,nan,61.585906122448975,34.828654847645431,56.608294331065757,72.557564625850333,nan,30.906526984126984,111.64325623582768,25.649654750000003,65.693182312925174,60.092639455782304,nan,32.1254820861678,137.66215623268698,nan,46.216501133786835,74.049018140589567,49.448631292517,44.469237188208616,54.19875510204082,70.478818140589581,46.346818140589569,172.89041000000003,nan,nan,35.310268027210881,76.402901133786855,367.27265999999997,40.081258503401358,34.263034749999996,57.634905817174499,53.616529705215434,nan,23.559777324263042,44.861339229024956,32.135415419501136,59.9495,nan,119.48425318559559,nan,28.024224943310649,39.10257414965988,79.267703854875279,44.968601360544227,nan,79.18659000000001,91.079084750000007,44.288646712018142,42.589831292517012,21.049717460317463,408.59497899999985,31.613395011337872,36.457063038548753,133.4225836734694,174.64658004535147,nan,nan,41.274967800453496,257.00276099773254,31.168690249433105,84.86299637188209,47.723408616780048,52.804237188208603,50.911456235827664,36.089536054421771,36.340824943310658,50.233145578231287,nan,nan,nan,nan,327.41290113378693,nan,209.92153475000003,nan,28.923106122448974,34.909484750000004,24.364656235827663,nan,24.425891609977324,21.94744081632653,174.99024671201809,36.216939229024938,49.208101133786855,50.775494331065751,112.85926938775512,28.796894749999996,38.291410884353745,93.040063711911387,33.038291609977314,74.533741950113367,nan,36.844294331065761,90.722402750000015,34.201539229024945,50.121694749999989,134.51582475000001,47.379774149659866,29.924297959183679,65.240401360544212,39.04822494331065,nan,37.054608616780044,26.903110657596375,100.93016897506926,40.940986848072569,39.964596371882081,74.21810113378686,101.19867700831027,29.55681814058957,58.087168999999975,35.357027664399098
18.028269387755103,32.02871065759637,nan,285.93669900000009,nan,26.169815419501134,35.176141950113369,22.293449999999996,25.71859319727891,65.710780045351484,43.083884807256233,47.145913378684803,nan,nan,47.771434467120187,nan,56.377389569161011,nan,38.727868027210882,46.889605895691624,35.404072562358273,30.133818140589575,34.890053514739222,nan,54.558843990929702,29.243818140589571,245.0223429362882,42.146751473922905,134.31644399092971,30.257446712018144,51.40824081632654,49.711960997732433,60.372913378684807,124.5269900277008,38.220104750000004,22.960829931972793,nan,515.39207999999996,29.657429,nan,29.164215419501129,nan,58.514301133786851,42.983288435374163,151.61583474999998,45.17037732426305,40.255744217687081,nan,nan,39.436741950113365,56.568593197278901,nan,44.788496598639448,45.505572789115654,72.767326984126981,35.848278911564634,58.702359999999999,60.85228480725624,nan,42.188580045351472,29.164418140589571,38.546802721088433,75.568349999999995,70.92603718820861,77.750551473922911,45.117818140589577,61.088722902494318,70.680678911564627,23.483551473922901,44.733068999999986,27.833882086167801,168.68095,24.834326530612245,37.311701133786855,23.963027664399096,44.686005895691608,45.832871201814051,nan,nan,109.57026,nan,43.026242630385489,35.567158276643994,89.889212244897962,40.86983275,51.588567800453511,111.21806371191136,44.092264750000005,51.894987811634344,33.407734693877543,314.70002653061226,40.214759999999998,36.273408616780046,23.31242993197279,25.850249999999999,48.163259863945591,53.961196371882068,26.939069252077555,70.693922902494336,nan,40.141446712018137,53.995148752834453,24.649228999999998,27.344088888888887,66.028396371882096,49.793370521541931,143.07457000000002,83.848539229024922,28.889668027210888,48.055839455782305,105.46315999999997,59.947643990929706,54.920970521541967,38.318668027210869,40.502012244897955,26.418820408163263,64.866770521541937,39.614682086167804,nan,82.54541541950114,54.5874439909297,157.21674792243769,56.033459863945573,261.19125474999998,nan,105.36573333333335,65.143646712018125,65.277399092970555,nan,133.44560474999997,49.285478911564624,69.14641541950111,nan,32.886458503401364,45.372275283446719,32.512167800453526,33.102224943310659,47.077241269841274,33.99705986394558,68.260128344671216,nan,36.549837188208606,21.731570521541954,28.543063038548748,50.126494331065757,nan,61.841341950113396,31.019690000000004,62.362780045351464,76.457015419501118,nan,27.609958276643987,88.229646712018166,34.241599092970525,45.056624943310652,60.88037732426303,nan,40.225891609977317,290.13602376543196,nan,42.488980045351468,86.217475283446703,54.407424943310659,47.963239455782322,56.330640816326522,105.09154195011342,46.692653514739227,126.40834016620497,nan,nan,38.567621768707482,64.884402721088435,292.86195899999996,41.893234467120188,40.6742820861678,50.219676454293641,117.14557475000004,nan,23.759101133786849,36.045034467120182,35.139687074829936,97.806918999999979,nan,45.644160997732428,nan,28.125760997732431,40.5766820861678,96.942091609977325,41.446875283446701,nan,55.564654749999988,146.75803999999999,41.979418140589573,49.394551473922903,23.562646712018143,426.2749455782315,32.436040816326532,39.516684807256233,145.04386938775511,41.967215419501137,nan,nan,43.752501133786843,236.98661224489803,32.501024943310661,70.922374149659859,40.139818140589568,29.55668,58.998478911564646,37.969205895691616,36.587722902494342,55.958532426303861,nan,nan,nan,nan,70.667600000000007,nan,218.05774000000002,nan,31.615821768707487,43.668894750000007,27.572547392290257,nan,23.88234421768707,21.592391836734699,176.17635147392292,41.013501133786839,34.335539229024953,66.911608616780043,131.60647528344674,34.599122749999999,39.832337868480728,197.09956913580243,39.6425514739229,81.610332426303856,nan,40.714698412698418,127.46907899999997,50.253018140589575,52.618479999999998,176.27444044321331,52.544167800453515,32.279884807256238,63.366158276643986,53.577913378684833,nan,40.64023446712018,24.327691609977325,102.38938085937495,97.284631292517005,41.01282766439909,48.960304749999999,52.673092749999988,29.840748752834468,59.195615419501166,40.958380045351475
21.122605895691613,33.110910657596364,nan,297.15257950138511,nan,23.078859863945581,36.744380045351477,34.116043990929704,27.467018140589577,51.624288435374147,48.504974149659859,44.935794749999999,nan,nan,65.294163265306111,nan,60.395567800453513,nan,32.829656235827663,40.965951473922907,29.561802721088437,32.972863038548745,33.657736054421775,nan,58.744917006802702,26.632837188208619,130.36851388888886,42.946615419501136,143.07871700680272,56.578534693877558,56.420951473922891,51.885717006802736,62.256796371882103,97.495514749999998,62.149021768707492,22.48095510204082,nan,347.99214320987653,38.867913378684797,nan,26.922758276643997,nan,58.281558276643985,41.998243990929709,459.57145872576183,40.551427664399093,40.856827664399098,nan,nan,28.825903854875286,43.734932426303843,nan,47.749810884353735,37.023175963718813,66.626253514739233,64.957002721088458,60.500830000000022,50.266694331065779,nan,57.265751473922897,32.761894331065768,44.825687074829929,58.298151473922893,80.419605895691603,56.132443990929701,47.349450340136052,58.19035374149658,68.462205895691596,27.586945578231298,64.45977932098765,30.55012653061225,81.379174749999976,26.326536054421766,41.521141950113389,25.15113242630385,46.285488435374148,177.27906303854874,nan,nan,54.259984750000022,nan,40.200065759637191,34.20411882086168,88.519459863945571,43.681218140589571,41.501415419501136,89.329779999999985,89.938675283446727,65.243520000000018,24.320843990929706,136.07809822485203,74.966819000000015,37.502164625850341,24.067983673469389,42.640234750000005,48.312580045351467,50.613275283446718,28.6501351800554,53.252853514739236,nan,35.380663038548754,50.365810884353742,31.53488888888889,26.747360997732432,72.747237188208629,50.45605079365081,49.844922902494332,105.50139475000003,30.810970521541954,55.479522902494331,110.08609475,40.721789569161004,53.635031746031736,49.667939229024945,63.123801360544206,30.233160997732426,65.190745578231258,38.799815419501137,nan,72.116431292516992,61.938355102040816,105.73486592797785,49.084215419501128,426.38604265927972,nan,42.25370449826989,66.437355102040826,49.437199092970523,nan,111.43145999999999,52.259520181405897,86.553253514739211,nan,49.173551473922892,47.600726530612242,34.756402750000007,36.224053514739232,52.511501133786837,39.39766303854875,74.565065759637193,nan,37.351653514739233,21.361015419501133,27.833501133786843,50.786110657596382,nan,57.268434467120187,30.6082,70.201556916099776,82.823215419501153,nan,25.934122902494334,102.06292290249432,36.696634749999987,32.614374149659866,74.009929705215427,nan,28.51053605442176,475.34891412742411,nan,46.747082086167801,97.05819637188209,52.372314750000008,49.062629931972793,54.320443990929704,134.00202766439909,43.135894331065764,234.73971855955679,nan,nan,57.524926530612234,65.072503854875265,277.36399999999998,41.801446712018141,44.333507482993198,45.420120000000004,40.880788999999993,nan,22.066358276643989,38.036805895691593,39.147869387755094,55.595790027700836,nan,42.54166475000001,nan,30.266672562358274,38.876875283446715,89.72527528344672,43.867072562358274,nan,55.662734750000006,263.48481475,61.622012244897945,44.353837188208622,23.667317006802723,417.63677474999997,34.201364625850339,41.887139229024939,146.69375510204077,189.622739229025,nan,nan,40.016526530612246,275.48634475000006,33.972440816326539,82.722125170068026,52.756418140589574,35.592917006802722,53.090975963718826,29.254618140589564,36.858577324263038,52.990887074829935,nan,nan,nan,nan,101.12889795918367,nan,329.9726693877551,nan,32.122999092970524,108.14747900000002,34.372151473922898,nan,26.688456235827669,18.892491609977327,196.30502766439909,54.612879999999997,26.868993197278911,62.402827664399084,114.98687891156459,36.727699000000001,37.524975963718823,114.95918900000004,36.106898412698399,95.574820408163276,nan,34.154665759637183,79.906499999999994,35.157903854875279,40.583703601108027,207.94977899999998,46.131005895691615,34.920658503401356,54.14571337868481,25.09480136054421,nan,44.281004535147396,28.313882086167798,103.39936913580249,38.121427664399093,35.028189569160993,51.322945578231298,34.64679637188209,27.523348752834469,66.161024749999996,40.619472562358268
20.984034467120175,31.54380272108844,1642.5851555555555,305.90598781163436,nan,26.853691609977336,73.007556916099773,34.911429931972783,27.868344217687074,45.604358276643993,50.901294331065749,76.425860000000014,nan,nan,44.65115827664399,nan,70.008739229024954,nan,32.931227664399088,44.652326530612243,39.379701133786838,31.142478911564631,32.596748752834465,nan,56.676284807256238,27.905355102040819,85.961623822714685,43.19778684807256,151.22719909297052,100.06750360110804,66.337920181405877,49.12906303854875,68.652808616780035,420.34347528344665,42.958254749999995,23.46085623582767,nan,353.01590399999998,40.031389000000004,45.314202216066477,39.531758276643991,nan,49.931941950113391,41.035646712018135,434.90226999999993,38.845393197278931,33.899812244897959,nan,84.070229000000012,30.264722902494338,35.026189569160998,362.66232888888874,48.598939229024964,42.920682086167801,61.729405895691613,78.65426475000001,34.97716099773244,39.344834467120187,nan,42.322691609977312,31.93349433106577,71.248450340136046,88.978284750000029,81.983268027210869,51.466227664399085,47.991853514739219,62.503155102040843,70.50183446712019,43.189336507936517,140.13625096952904,34.856751473922905,110.26532475000003,31.26089433106576,60.800745578231307,24.986151473922899,44.892082086167797,45.481370521541962,nan,nan,30.675309000000006,nan,41.416172789115649,64.580599092970516,95.657837188208617,47.319205895691617,50.36986303854875,271.24376897506932,38.318691609977321,74.111360997732419,30.693668027210883,111.21417397959183,65.745829000000001,43.309437188208619,24.641799092970516,52.621824749999995,46.287345578231296,44.220427664399097,38.878464749999999,49.932720181405891,nan,37.233358276643983,46.970732426303861,69.040478911564634,26.436180045351474,84.864329705215411,59.6481931972789,120.32569795918367,118.66156900000001,26.555329705215421,60.322129705215417,89.352470000000011,41.624837188208616,55.812496598639449,45.914256235827658,43.473827664399082,25.489777324263041,53.138599092970516,39.643421768707491,nan,77.348501133786868,53.569980045351471,101.7460376731302,41.030713378684815,31.807279365079371,nan,71.050340484429057,67.243291609977348,46.727122902494315,nan,84.193062750000024,35.507120181405902,84.584282086167761,nan,53.719939229024931,46.555294331065767,49.36034195011338,35.995891609977335,49.525355102040812,43.141558276643991,75.649891609977331,nan,38.20846303854875,23.210545578231297,29.206821768707485,50.778763265306139,nan,49.977082086167805,52.998519999999999,72.299974149659846,83.286948752834476,nan,26.719088435374154,139.01746575963722,24.381536054421769,45.790377324263034,79.850970521541953,nan,32.251475283446716,462.40363900000023,nan,35.456669387755106,106.77917052154196,47.820989569161,43.202078911564627,48.574612244897956,228.87911700680277,45.880301133786837,359.51215000000002,nan,nan,37.539868027210886,74.82953605442178,185.620879,41.580910657596363,34.373545578231294,65.703739999999982,73.993184749999983,nan,27.048706122448976,57.106291609977333,42.230680725623579,49.374303854875265,nan,97.666850000000011,nan,36.245770521541942,44.815334749999998,113.73698004535152,43.317520181405889,nan,72.481334749999988,51.180910000000004,57.083654749999994,40.143078911564622,19.899227664399096,426.88853000000006,42.922231292517004,45.11498004535148,166.47176643990929,68.771240816326539,nan,nan,39.383193197278921,288.00628843537424,31.230678911564627,150.68757414965981,64.716846712018153,77.255320181405892,36.777509999999999,30.480970521541945,35.204291609977318,59.943243990929716,nan,nan,nan,nan,151.11958999999996,nan,362.34529433106576,nan,55.973977324263039,177.8533646258503,30.846589569161011,nan,29.509374149659866,22.75066575963719,163.79252970521543,37.038294331065771,41.634002721088436,77.5533170068027,122.73007891156463,42.444538999999992,33.083720181405894,113.74117728531851,34.236065759637185,92.663484807256253,nan,44.689815419501137,36.808691609977316,32.403808616780047,114.24852653061225,118.80176099773246,56.143678911564621,38.074117006802716,61.382529705215426,24.734180045351476,nan,41.525688435374157,21.987296598639457,93.778594463667858,37.833689999999997,35.907277551020407,41.70473475,44.434140000000006,23.731465759637189,50.486974749999987,35.307548752834464
19.36314557823129,31.062297959183681,410.77571020408169,306.21548476454291,nan,27.64140272108844,70.517818140589569,33.844939229024938,27.095399092970517,53.95843718820862,43.205088435374151,49.078738999999999,nan,nan,43.200218140589577,nan,43.059463038548756,nan,35.780005895691616,59.321682086167812,51.674677551020402,32.402582312925169,28.784605895691605,nan,53.613303854875298,32.274374149659863,311.40791474999997,42.74445351473922,134.83794557823128,46.473854750000001,70.564601360544216,43.728461678004528,67.428453514739232,73.886275283446707,42.413317006802728,21.126355102040822,nan,65.792896952908563,34.388084750000004,19.594794750000002,138.12244399092975,nan,56.913532426303846,40.62515827664398,440.68334474999995,46.533259863945581,40.116872562358267,nan,92.42671900000002,13.639684807256236,61.511440816326548,231.6968446280992,43.212497959183672,47.772882086167805,68.717418140589587,58.107421768707482,58.223034749999975,40.909437188208621,nan,26.612253514739233,27.23318684807257,46.962058503401359,49.793715646258519,96.458753741496608,53.101215419501138,43.168063038548745,62.389234467120183,59.754583673469391,33.814558276643993,133.32290474999999,44.952977324263038,70.432954749999993,32.931326530612239,49.310589569160996,27.593534693877544,33.096583673469389,22.131620408163265,nan,nan,73.022519000000003,nan,37.47443945578231,28.674450340136055,104.25380861678005,41.87620861678004,53.445040816326546,94.20448475000002,28.613589569160997,55.728552749999992,33.485989569160999,153.9433128888889,103.74725318559557,40.749186848072569,28.953932426303854,87.364169999999973,43.659215419501137,39.443993197278914,72.722411080332421,50.067799092970517,nan,38.771488435374145,46.391567800453515,28.962510657596372,31.354970521541947,86.319450340136044,63.658770521541932,376.03459475000005,97.883703854875264,31.191386848072565,51.778929705215418,59.908874749999995,44.402856235827663,46.041691609977327,46.803491609977314,52.223837188208606,18.088345578231291,80.825037188208611,33.232040816326538,nan,78.960027664399107,43.246906122448976,143.82602629757787,43.750243990929711,365.07449899999995,nan,33.75483490304709,59.700585487528336,48.53588707482993,nan,94.641644749999969,40.060572789115653,93.712643990929692,nan,37.177189569160994,43.223059863945572,50.289345578231298,35.421999092970523,51.661515646258501,38.286059863945589,79.885897959183666,nan,35.821583673469391,21.276355102040817,28.766399092970524,46.236256235827668,nan,49.32253469387755,52.562786848072562,74.456031292516997,81.896658503401369,nan,25.732301133786844,123.37121405895691,37.042504750000013,45.586722902494344,67.484624943310635,nan,37.773029931972793,443.22691337868463,nan,34.935818140589568,105.7708820861678,44.072446712018142,41.359897959183677,41.532564625850334,109.00399909297052,43.711691609977322,200.39235999999997,nan,nan,39.282653514739231,68.688456235827672,182.62035475000005,41.855465759637191,42.784936054421763,62.978940000000023,60.835040000000006,nan,24.105339229024946,49.699701133786839,40.804884807256236,76.537934749999991,nan,59.42439474999999,nan,32.828358276643989,34.135900000000007,88.589269387755095,39.164478911564629,nan,28.192189569160995,62.186505817174506,41.397414750000003,37.338567800453518,23.236129705215415,428.9461290000001,40.740894331065775,43.832389569160995,151.20645215419501,149.04861814058955,nan,nan,95.917580045351457,290.53346475000006,31.772463038548743,160.12295147392291,58.292646712018147,34.542815419501132,40.705320181405895,30.713094331065765,39.446164625850329,63.366917460317481,nan,nan,nan,nan,369.15968475,nan,381.44754475000002,nan,45.036917006802724,28.583389569160992,29.281982312925173,88.165479545454531,39.134722902494325,22.303282086167808,142.95362494331067,58.952726530612253,53.644494331065758,74.62012290249433,116.60125034013605,70.986994750000022,34.815117006802723,190.62339043209874,28.258612244897964,84.907399092970508,nan,50.768894331065752,27.751082750000002,34.542410884353743,108.10294475000001,111.73831800554017,58.732275283446718,38.392263038548748,30.390494331065753,25.880189569160994,nan,39.32450113378686,23.830284807256238,86.04036011080332,33.794122902494337,27.912665759637196,49.15219475,56.72637275000001,22.844848979591831,67.167732426303857,35.626901133786859
24.788653514739227,31.560246712018138,736.53982499999995,337.09682900000007,nan,29.615469387755098,56.736532426303853,32.485446712018131,26.648728344671202,50.757650340136067,38.950253514739224,112.06506537396123,nan,nan,50.10568707482993,nan,45.700555102040802,nan,41.554008616780038,45.141208616780055,42.906786848072571,33.844903854875291,31.606665759637195,nan,53.65096099773244,35.010484807256233,124.87166159169553,40.972677551020404,132.97386575963719,57.651977324263029,67.222396371882084,29.594593197278908,58.402736054421766,100.22809433106579,38.743785487528335,22.764345578231289,nan,37.62057052154195,28.686767800453513,23.063624749999999,161.36922176870746,nan,41.552520181405896,39.437878911564624,479.57662382271462,47.442466666666668,38.551503854875278,nan,57.590980045351479,20.843707482993199,33.784796371882088,171.57936686390531,39.109615419501132,39.950113378684804,92.910925170068026,63.659294331065773,35.214764749999986,56.220487074829926,nan,23.226777324263043,30.880482086167792,62.281454750000002,69.33683474999998,67.971456235827674,52.061158276643994,41.280307482993194,66.120663038548741,58.223389569160993,65.291643990929714,80.032947922437671,40.749053514739224,128.35675147392291,33.544863038548748,39.719364625850346,29.18223129251701,31.637031746031749,50.130663038548747,nan,nan,73.06099900000001,nan,33.454529705215407,50.811529705215413,90.352058503401366,31.400853514739218,57.866631292517013,51.336789569160977,24.957313378684809,57.46185999999998,30.702941950113384,161.73172888888891,61.030939999999987,38.223063038548744,25.994027664399098,44.829791666666665,41.031256235827676,41.277558276643987,116.17485484764546,65.422741950113391,nan,41.386601360544219,44.842903854875281,25.322958276643991,34.746539229024947,97.325513378684775,57.897951473922916,151.87562475000001,94.49006303854874,33.86105986394557,57.048532426303858,62.21586575963719,43.582058503401363,43.408631746031752,47.322374149659872,51.485370521541959,27.194764625850347,45.348103854875284,34.930675283446718,nan,72.352301133786867,37.517195011337861,78.605024750000013,41.659552380952398,37.86473474999999,nan,44.75448999999999,58.00615147392292,45.430612244897958,nan,97.357139229024952,40.182072562358272,75.741796371882089,nan,44.447186848072562,42.096463038548748,60.460400000000014,37.400396371882088,46.905945578231297,40.71482494331066,74.119875283446731,nan,33.897570521541944,19.076263038548753,28.136253514739234,44.639322902494321,nan,50.57090385487529,42.730018140589586,83.757687074829917,76.298227664399121,nan,23.422294331065768,145.07053242630386,36.146113378684809,34.052672562358275,67.506261678004549,nan,34.897846712018151,448.32207900000014,nan,53.145103854875273,99.18631700680271,41.771687074829927,37.107386848072572,44.413633106575972,215.23123129251715,64.351520181405903,84.72526474999998,nan,nan,39.782348752834466,77.086922902494351,183.11016011080335,41.117589569160991,32.92187528344671,53.374599092970527,47.047274749999993,nan,22.049097959183673,45.918910657596363,39.942427664399098,49.439737396121885,nan,44.005751473922906,nan,30.400802721088439,38.027634467120187,76.34121224489796,40.797367800453515,nan,32.570029000000005,101.39961,56.625710000000005,38.287440816326537,29.998180045351475,415.79069977324252,39.518532426303857,51.390221768707477,149.02067256235827,62.700190000000006,nan,nan,27.761728344671194,80.081459999999993,28.515748752834465,163.40842494331068,61.50396099773242,199.87347,111.60534195011343,37.552703854875283,39.615837188208616,58.322313378684797,nan,nan,nan,nan,350.94358,nan,294.42657474999999,nan,54.88150113378687,432.91053739612204,27.260596371882084,89.360479338842978,26.914722902494333,17.793377324263037,143.20426303854876,62.508221768707472,42.017672562358278,82.349480725623579,130.39587528344674,53.12881814058958,37.897510657596371,124.35373580246915,29.337663038548754,76.957605895691643,nan,49.706878911564615,24.871980000000001,28.807059863945586,118.87476462585032,119.98586474999999,28.221139229024949,39.872799092970517,41.80018684807257,21.787363265306119,nan,37.581412244897969,23.538120181405901,111.56402499999999,40.066774749999993,21.541699773242634,46.216500000000003,46.325075283446708,22.504329705215415,56.432418999999982,33.841646712018154
20.722021768707481,32.022068027210871,2222.2222222222222,315.26504265927969,nan,30.947364625850334,62.173644749999994,32.35332970521543,26.321282086167798,51.891367800453494,42.620091609977329,35.969643990929704,nan,nan,46.520982312925177,nan,116.28839183673469,nan,47.463755102040814,42.331341950113384,44.370827664399087,35.435748752834471,30.361145578231291,nan,52.353082086167802,37.52333242630386,61.775400554016628,39.573120181405891,132.24430748299315,48.016536054421778,66.230672562358293,26.038796371882079,55.983739229024934,78.015386848072581,44.066264750000002,24.016450340136053,nan,58.196215419501129,37.746310000000001,15.88408475,32.65708208616779,nan,37.254640816326528,37.200442630385481,469.15305318559558,34.178929705215424,37.681358276643998,nan,59.068223268698077,26.538227664399102,30.784820408163259,511.39549688581309,35.669932426303852,53.486863038548769,88.71699319727891,42.325132426303853,71.470640443213284,52.3255514739229,nan,27.980442630385493,29.469008616780052,45.778078911564634,85.291412698412714,81.514446712018142,60.170322902494341,43.119151473922905,62.959046712018164,59.323510657596366,33.8542820861678,48.743794749999999,41.509442630385486,148.44549841269841,30.912618140589579,42.541341950113384,29.782653514739234,32.756263038548752,47.042948752834455,nan,nan,152.60333900000006,nan,38.554815419501125,54.04687256235826,65.672122902494337,30.699494331065765,64.303440816326528,85.818215419501129,28.616560997732432,56.448774750000005,29.28881088435374,321.16119843749993,66.599187811634351,35.202586848072563,23.564117006802721,22.81505351473923,38.53771700680273,43.224799092970521,47.782930000000007,64.77118956916101,nan,43.008520181405906,46.37036643990929,35.888960997732426,36.215974149659871,109.19516462585031,73.272586848072564,160.26555000000002,69.602970521541963,39.073694331065752,55.531859863945577,52.427154749999985,44.166290249433104,41.426339229024947,47.366345578231297,37.78406575963718,19.568145578231292,47.298088435374133,39.265958276643993,nan,73.008313378684832,46.09602993197278,50.362539229024954,43.991297959183669,39.280936054421772,nan,58.889391358024696,54.877163265306137,47.443148752834475,nan,67.289279999999991,46.26987256235828,52.217639455782297,nan,32.436984750000008,42.51176462585034,47.656896598639456,32.851732426303855,47.15024399092971,41.664031292517016,71.265955102040806,nan,32.609202721088437,23.065253514739226,27.206907482993195,43.174808616780048,nan,48.486351473922895,41.870018999999999,86.449859863945562,75.654180045351467,nan,41.543539000000003,117.63178004535149,38.280319000000006,40.221564625850334,67.853668027210887,nan,36.980882086167803,465.16941475000033,nan,33.445786848072572,93.851974149659853,38.457241269841269,37.267789569160996,38.292282086167802,244.34725623582767,42.865536054421774,113.10997,nan,nan,33.289024943310658,74.142439455782309,341.81750899999992,44.261665759637182,26.716231292517005,113.13624265927977,60.717148752834476,nan,22.1530820861678,47.358205895691604,40.157096598639455,44.685674750000004,nan,54.813719000000006,nan,28.162101133786852,77.047577324263059,77.167682086167787,40.926329705215416,nan,30.533320000000003,18.909336054421765,48.82994195011338,39.852355102040825,25.713888435374141,438.30755474999995,40.336218140589573,53.898008616780047,153.11207755102043,53.002393197278899,nan,nan,32.039717006802732,79.770909999999986,28.05246938775511,148.3419170068027,56.383691609977319,135.09142040816326,126.70543718820866,35.933586848072558,39.364370521541957,58.763936054421777,nan,nan,nan,nan,92.252263038548762,nan,336.41783475000022,nan,47.189570521541953,57.253452749999994,27.88278367346939,79.964333884297517,31.843789569160997,21.363586848072561,163.73504263038546,57.521125170068004,27.490221768707485,90.133465759637204,126.2474344671202,46.469084749999993,36.669094331065757,44.449968999999996,25.801780952380952,72.626694331065778,nan,44.519248979591843,24.005115646258506,54.784786848072557,32.529980000000002,161.19894900000003,25.350346031746032,38.164520181405898,36.70887256235828,29.215637188208614,nan,37.494348752834462,28.560303854875286,84.284998337950128,38.955270000000006,26.888021768707485,42.381854749999988,29.074865759637181,25.371189569160997,32.415674750000008,35.453218140589577
24.634732426303852,32.177126530612249,544.27448163265308,311.68981274238229,nan,31.998919727891149,68.56414875283447,29.568520181405894,26.987275283446714,58.914374149659871,44.280031292517009,65.382794749999988,nan,nan,47.20365351473923,nan,81.292596371882084,nan,50.658183673469388,58.794215419501128,44.79242040816326,33.331513378684818,28.783031292517009,nan,54.454646712018139,31.139896598639456,64.798149999999993,39.149691609977332,137.21000589569161,42.271778999999995,137.23840589569159,27.153237188208614,52.641878911564618,287.12430385487528,44.365264749999994,23.905110657596374,nan,33.306326530612246,34.536341950113375,23.036154749999998,34.822482086167788,nan,36.97917052154196,37.787374149659868,454.27115475000016,43.878745578231289,53.605456235827681,nan,50.987118005540154,18.826812244897955,34.147360997732427,236.77333564013841,35.936306122448975,35.770202721088445,70.395306122448957,53.986059863945577,31.751189569161003,68.204279365079373,nan,20.712665759637186,26.197501133786847,46.506117006802732,69.393212244897953,93.582129705215394,64.401583673469403,45.205612244897964,71.198484807256222,66.322640816326526,27.701663038548752,59.552823822714707,40.05923718820862,80.66485034013607,27.50568843537415,43.790732426303855,31.101720181405891,27.435675283446709,74.795154749999995,nan,nan,135.18495999999999,nan,35.356367800453512,39.90640272108844,59.137843990929696,25.06853605442177,61.936258503401341,45.862194749999993,28.642688999999997,36.32991899999999,29.641793197278915,176.98328000000001,48.900999999999996,39.001401360544229,20.674382312925168,127.58507000000004,39.962672562358271,52.295367800453505,117.1348,51.83854875283447,nan,37.588869387755103,44.272046712018138,31.016120181405903,40.297278911564625,113.06336462585031,65.280103854875293,203.81435475000004,70.008097959183686,35.327024943310661,55.893284807256251,99.808790000000002,46.850258503401371,42.345853514739225,42.120205895691612,32.318437188208613,21.81346303854875,39.233256235827653,36.375669387755096,nan,69.905110657596396,88.004440816326536,84.075926530612222,42.883707936507932,28.539819999999999,nan,62.726253514739255,52.823818140589573,46.554993197278918,nan,120.45923474999999,43.682072562358272,56.759726530612227,nan,32.95740861678005,42.270224943310666,49.39505900000001,32.139846712018141,36.407755102040809,44.733751473922908,71.857186848072544,nan,32.969939229024945,22.292580045351471,27.54855827664398,42.916951473922907,nan,50.814110657596366,49.541324750000001,82.807370521541955,76.462272562358294,nan,23.467586848072564,196.61101224489795,58.686670000000014,40.119341950113387,66.046027664399091,nan,36.062853514739224,436.86147256235847,nan,66.167920181405904,99.563948752834506,55.656796371882095,35.008170521541942,43.350389569160996,314.37131700680266,45.673360997732424,79.475955102040814,nan,nan,41.619291609977324,71.121265759637211,318.66095475000003,43.10010612244897,35.797028999999995,100.60313475000002,69.634309999999999,nan,21.463839455782313,47.182884807256229,40.236918820861675,29.128256235827671,nan,85.534232132963979,nan,25.070995011337871,88.224167800453529,83.92346575963721,41.348395011337871,nan,43.601274749999995,47.946032132963985,51.6418775510204,40.485094331065753,28.552389569160997,406.54370474999996,42.194117460317464,58.705659863945584,136.53442766439906,50.235980045351468,nan,nan,29.4346439909297,96.553334750000005,28.261955555555556,145.61762494331066,63.559393197278908,91.143068999999997,158.47404671201812,35.628389569160994,40.767610884353736,60.73893922902495,nan,nan,nan,nan,99.457124750000006,nan,225.35661474999998,nan,51.396166439909287,42.025389569161007,29.126339229024936,74.59733326446279,32.184640816326528,18.833101133786847,121.67873786848074,57.772567800453508,30.21850385487528,79.144539229024957,129.1619133786848,40.152059999999999,36.735853514739226,37.017614749999993,26.791791836734699,73.627107482993196,nan,52.234450340136057,21.615446712018141,30.766536054421767,23.824649999999998,197.69969899999998,22.579297959183673,39.625558276643979,32.652063038548739,29.35092834467121,nan,39.406774149659867,24.880548752834464,80.337945706371187,50.022301133786833,33.372507482993193,150.40547528344669,46.709472562358265,25.930167800453514,36.458794750000003,34.19479909297052
28.590113378684805,30.789936054421769,153.94160266666674,265.36004275000005,nan,29.829272562358273,78.218955102040809,32.253191836734686,27.557420408163267,66.941631292517016,42.005094331065756,50.527103854875286,nan,nan,57.52660589569161,nan,105.22070748299318,nan,51.358294331065757,54.681748752834473,41.396202721088443,32.056341950113378,29.509475283446712,nan,49.956263038548762,56.394259863945592,71.182709000000017,38.021648979591838,125.57852018140595,44.267419390581722,89.886075283446687,25.057418140589572,57.558151473922898,85.496536054421767,45.763253514739226,23.659793197278912,nan,52.022884807256233,27.234980045351481,28.483259863945584,56.062799092970515,nan,39.78080136054421,39.366163265306113,459.26320900000002,42.895570521541948,63.880869387755119,nan,34.970939999999999,18.859717006802718,60.693517006802736,225.43766900000008,35.2322820861678,33.692189569161002,76.315440816326529,49.352446712018143,103.6280276643991,50.873901133786845,nan,26.730415419501135,26.22554875283447,47.321393197278915,58.648240816326521,105.24385351473923,65.43292290249434,39.094827664399091,61.087510657596376,65.556475283446716,42.359515646258515,57.923474750000004,61.273489999999995,93.756320181405883,35.261517006802727,49.312665759637198,32.65312970521542,40.133031746031747,88.980494749999991,nan,nan,89.105977324263065,142.69762714681443,39.939808616780056,39.820065759637195,57.536687074829928,55.627507482993209,59.789297959183671,52.106734693877556,39.770575963718819,51.026194749999988,31.377956916099773,366.81653888888894,46.694829916897504,47.640634467120172,26.580672562358277,28.080284750000011,39.885252154195008,50.669031292517005,135.43972290249431,39.956344749999992,nan,40.321583673469391,43.118532426303851,55.764303854875273,43.696396371882088,123.92465351473923,68.780513378684802,143.31324475,69.051024943310651,32.789863038548745,52.621203174603167,100.40710474999999,52.514374149659879,42.607967800453515,40.025155102040813,42.944097959183679,27.211558276643991,49.261234467120175,41.599663038548755,nan,67.456380045351466,54.16018231292518,39.893688435374145,52.984158276643981,26.040399092970524,nan,78.484729999999999,51.778091609977324,45.466741950113381,nan,45.185929705215415,42.243989569161002,50.422991836734688,nan,59.06670475,43.19645034013606,61.261710000000008,33.633948752834463,34.542039455782309,55.094437188208609,72.751758276643997,nan,33.209488435374155,22.283344217687073,27.480443990929704,44.253186848072559,nan,58.110853514739226,41.02493475,76.199780045351474,69.901472562358293,nan,32.003448979591838,215.39648072562366,29.264756916099767,59.048104749999993,64.660078911564625,382.32307928994095,40.834136054421769,nan,36.56003129251701,48.355926530612251,100.59496099773244,51.112263038548747,33.70210385487529,54.664303854875278,364.11929433106587,54.089672562358267,187.15465096952909,nan,nan,42.100170521541948,64.012659863945572,266.32814474999998,42.537084807256235,26.516703854875285,55.185389999999984,85.404314749999998,nan,22.375941950113379,61.901964625850347,39.773294331065756,125.05454899999999,nan,41.398126530612252,nan,28.480591836734693,83.204027664399092,75.195913378684835,39.378427664399091,nan,102.22929999999997,32.935284807256238,75.721860000000007,39.338767800453518,30.63926938775511,380.33889795918378,43.357529705215427,55.335861678004527,122.31684897959187,90.717186848072586,nan,nan,32.378170521541961,87.873300000000015,30.205539229024939,134.68662494331065,70.620799092970529,222.95083475000001,45.393358276643987,46.572469387755106,41.392503854875294,55.681010884353739,nan,nan,nan,nan,77.601934693877553,nan,275.4175899999999,nan,46.881831292517006,181.56748900000005,26.41986575963719,70.781234090909095,30.687791836734693,17.426220408163267,144.23188208616779,51.50127256235826,31.401993197278916,71.335141950113382,117.03172698412698,38.181078911564633,34.202307482993206,53.524990027700838,28.464729705215426,51.611691609977328,nan,51.536421768707498,19.890751473922897,41.7001455782313,32.239944749999992,223.71100475000003,57.699856235827667,33.963012244897968,31.266777324263039,74.072358276643996,nan,37.905224943310657,26.19829433106576,61.772919999999999,55.521384749999996,38.450840816326547,40.999080000000006,43.065094331065765,25.757393197278912,37.136848999999998,41.693520181405901
30.146774149659873,32.031015419501131,150.845668359375,280.21964432132955,nan,nan,50.621593197278905,25.821621768707484,27.567564625850341,63.505201360544227,41.208996371882087,44.386389569161011,nan,29.494484807256249,50.108837188208618,nan,134.72497414965983,nan,52.618596371882077,64.233278911564625,47.61292290249434,31.440751473922898,38.043810884353746,nan,47.170103854875279,39.908482086167794,313.47425000000015,37.460958276643986,122.30686575963719,44.184220000000003,94.163122902494322,35.122510657596365,53.761522902494349,53.455586848072578,42.360107482993193,24.935494331065758,nan,38.017718820861674,24.530269387755105,34.995164750000001,43.877212244897969,nan,41.392517006802734,40.067167800453511,441.50329475000007,46.107618140589572,53.67508843537415,nan,35.506230000000002,21.14669433106576,45.810551473922906,51.048494749999989,35.175148752834467,84.506094331065768,77.965456235827673,39.28666475,171.55530475000003,46.193989569160998,nan,38.932605895691616,31.652739229024945,46.64762494331066,43.464484807256227,57.86413922902495,74.408450793650786,40.608974149659858,61.921278911564634,69.594896598639465,43.278256235827669,123.64072475,59.787774749999997,78.140840816326516,39.205084807256235,43.531322902494338,32.290513378684807,37.402117006802726,94.695536054421765,nan,nan,134.14526303854871,329.70833085937505,42.366999092970524,41.156621768707481,55.950494331065762,30.657715646258506,59.866237188208601,198.11061358024691,34.091824943310648,45.321688435374156,36.61790385487528,300.39858888888887,58.559158333333343,45.966513378684809,26.410713378684811,25.194199000000001,39.70521541950113,57.084608616780045,118.26825623582765,34.807259863945582,nan,39.47783129251701,42.131951473922904,43.058760997732421,45.254558276643984,129.69312653061223,60.854653514739212,193.53467900000004,67.828405895691617,33.727732426303852,46.647732426303854,175.34882475000001,49.457882086167807,42.139891609977319,41.613310657596379,38.161310657596367,31.825475283446714,51.825764625850319,50.893396371882091,nan,68.449567800453522,47.565631292517011,58.61507891156463,48.256706122448982,28.10148474999999,nan,127.29834999999996,49.283993197278917,46.983224943310653,nan,81.324339612188382,41.872224943310655,46.072420408163282,nan,36.900829999999999,46.078317460317443,81.041209999999978,33.491269387755104,32.680780045351476,61.768722902494332,66.251475283446695,nan,33.246901133786842,23.709288888888889,28.045677551020411,44.554977324263042,nan,58.711040816326538,47.392484749999994,73.98690385487528,69.635320181405902,nan,40.221682086167796,196.74238956916105,36.571882086167804,39.353088435374154,62.508196371882093,260.52012041522477,92.524341950113381,nan,36.311263038548738,35.714770521541936,98.714739229024957,52.624212244897947,36.094183673469395,59.955760997732419,379.69807528344671,56.754396371882088,239.65085474999995,nan,nan,53.68778004535146,73.00602993197279,289.87795475000001,44.38758412698413,36.641596371882081,135.12409529085872,62.910551473922887,nan,26.396234467120188,58.326541950113402,40.291608616780046,48.749296952908594,nan,55.754631292517011,nan,29.754034467120174,114.48455147392295,85.675739229024913,42.103375963718818,nan,54.706053514739217,157.89537275000004,66.534337868480748,36.77307256235828,29.298282086167802,387.2610371882086,45.665929705215412,49.693291609977329,116.61166575963719,42.829989569160993,nan,nan,49.326720181405889,131.50097052154194,29.202672562358277,129.72043718820862,74.751812244897948,76.934710657596383,49.248760997732425,72.175472562358252,46.823715646258499,60.665891609977315,nan,nan,nan,nan,124.86017999999999,nan,215.29033475,nan,32.776972789115632,125.88338475,25.685583673469381,69.850688636363628,28.204989569160993,19.189621768707486,154.60100272108843,53.964850793650797,35.170782312925162,87.318665759637184,121.16734875283449,41.163479999999986,32.202580045351475,181.70573905817176,33.346351473922908,44.667517006802726,nan,50.370155555555549,27.007418140589575,32.083503854875282,56.460318005540159,195.79701939058168,71.789906122448954,37.978837188208615,32.12404081632652,30.780910657596376,nan,36.589891609977322,36.373993197278914,63.967629916897501,64.523148752834487,34.131050340136056,31.149958448753463,39.001650340136067,27.767586848072565,38.835264749999986,45.133341950113376
30.412970521541951,32.540315646258499,387.93680000000006,218.09635147392288,nan,nan,71.3357074829932,27.360856235827661,27.349237188208615,68.218240816326514,41.896601360544217,109.00742475000001,nan,25.666265759637184,57.005917006802726,nan,97.033663038548767,nan,42.373967800453521,73.099837188208639,42.420967800453518,31.529548752834465,30.189008616780047,nan,45.976097959183669,44.834834467120174,175.31887475000002,38.628572789115637,106.95737732426304,47.312249999999999,65.648875283446714,38.901960997732424,53.48360861678006,50.824151473922896,43.640072562358284,24.206824943310657,nan,41.586005895691606,25.368772789115653,84.817394749999991,272.60841541950123,nan,41.807956916099769,40.961920181405901,442.07628475000001,42.330196371882074,54.731160997732431,nan,143.18376820987655,16.344955102040817,47.915320181405889,61.756780045351491,31.148158276643997,53.985570521541938,61.843437188208618,84.048184750000019,102.00563000000002,52.752259863945582,nan,29.676008616780049,26.613722902494334,49.859564625850346,36.850545578231305,53.463958276643993,85.435555102040823,41.083789569160999,50.394941950113378,64.628151473922898,50.605629931972793,93.134740000000008,54.968166439909304,43.128254750000004,37.636418140589583,34.997745578231289,31.454821768707479,34.535677551020413,84.377364625850319,nan,nan,129.11978684807252,30.470612244897957,43.713021768707492,42.906865759637192,46.874234467120182,41.237551473922906,48.695402721088442,134.32512474999993,36.517958448753454,50.29097414965986,134.5835551020408,208.45440255102034,43.409368999999998,40.874050340136058,27.066887074829928,45.61193999999999,39.293434467120179,59.978487074829943,141.71492970521544,40.63472999999999,nan,35.535020408163263,37.115577324263029,23.49356099773243,48.306183673469391,132.21801814058958,57.345389569161007,148.29328843537414,64.929374603174594,32.411659863945573,44.530875283446711,123.83861999999999,50.628782312925168,41.597088435374147,41.520097959183666,30.948896598639458,26.31401224489796,97.629850340136031,45.549174149659876,nan,64.092653514739212,59.834618140589576,49.2673455782313,46.699532426303861,28.173456235827672,nan,58.660030000000006,48.517780045351479,45.978577324263043,nan,39.214074750000002,38.063440816326533,44.344177324263043,nan,64.704800000000006,43.045429931972798,93.149339229024946,32.076747392290244,32.560891609977325,52.107827664399089,52.516696598639456,nan,32.674564625850344,24.517688435374151,28.081958276643995,45.568294331065758,nan,52.761736507936511,47.821464749999997,68.613583673469364,58.936897959183668,nan,48.369612244897965,169.14689433106577,37.943189569160985,58.53542766439908,62.512513378684822,74.333179000000001,63.722734693877555,nan,34.776974149659864,55.970777324263032,99.46745034013604,66.254029931972781,37.605859863945582,51.772126530612255,385.1419265306123,55.577879365079362,351.45347423822705,nan,nan,57.199782312925166,106.14163129251699,204.86999637188208,51.06954195011339,33.081818999999996,78.900020408163272,48.075279999999999,nan,27.949024943310654,57.029132426303853,39.389815419501133,63.783564750000004,nan,90.437234467120206,nan,31.778097959183675,96.323482086167772,73.510536054421777,41.665101133786848,nan,44.548884749999992,59.474734750000003,70.382589569160999,36.203767800453505,27.048329705215419,377.72319637188201,46.386341950113376,47.286339229024939,108.5171990929705,28.042120181405895,nan,nan,87.024440816326504,196.68489433106581,28.117063038548746,113.16840861678004,66.826374603174585,70.012475283446719,55.107913378684813,71.833951473922909,50.912383673469385,62.326764625850352,nan,nan,nan,nan,114.10930385487529,nan,132.91110474999999,nan,45.244913378684807,139.82536999999996,25.543539229024937,65.492724793388433,32.364574149659866,19.619465759637187,138.54206575963721,48.030796371882076,33.184913378684804,84.432739229024918,109.96195374149659,72.764254847645432,37.469205895691609,176.24132469135802,45.102643990929707,35.684913378684811,nan,54.655920181405882,28.855989569160993,32.734469387755098,62.246656509695306,146.97706149584485,78.34460861678005,32.256675283446711,35.102796371882086,33.239275283446716,nan,35.769088435374158,33.112355102040816,53.651545987654323,46.856926530612249,35.230202721088432,72.931870000000004,59.628005895691615,29.511640816326533,40.106484807256237,53.204065759637196
45.890859863945586,32.579306122448976,130.25227423822716,58.558270000000007,nan,nan,78.065786848072548,29.877046712018135,29.844246712018133,78.590894331065755,39.109631746031745,68.919151473922909,nan,23.707827664399094,50.372715646258499,nan,93.629079365079363,nan,55.860682086167813,63.944351473922907,41.761494331065769,31.980020408163259,34.954339229024946,nan,42.758815419501147,65.761853514739229,98.390589999999989,34.751034467120185,96.510151473922903,33.352218999999998,53.926015419501113,37.465513378684804,51.757065759637186,84.224429999999984,45.85741541950113,24.729989569160995,nan,76.188087074829937,37.129358276643991,88.280094749999975,374.54710113378695,nan,48.27874875283446,40.687869387755107,442.1839647500002,55.166878911564623,50.276212244897955,nan,46.388156232686995,19.850110657596375,38.985720181405895,202.65236999999996,29.585605895691611,42.696132426303862,58.68543446712016,54.918386848072565,79.486314127423825,44.346529705215424,nan,32.437834467120183,30.686637188208621,47.672920181405892,43.696897959183666,48.590653514739223,81.982229931972796,44.309214058956911,47.887640816326538,59.750246712018146,63.880144217687061,120.32844,67.722433106575977,33.035237188208619,37.463520181405904,34.585001360544219,31.290072562358276,36.996986848072574,68.21915510204083,nan,nan,109.91786575963719,33.558882086167792,45.808459863945572,45.630084807256232,41.680732426303862,51.755091609977299,48.698424943310656,261.29432018140596,36.826637188208629,46.805877551020409,39.526863038548754,363.49593066666665,59.076894331065766,40.763052154195009,26.603755102040822,28.462518005540165,39.30019909297053,61.390227664399077,250.5906752834467,40.521144217687073,nan,37.781875283446709,42.74660272108845,41.555120181405904,49.943646712018129,121.31975827664402,56.911220408163253,308.25201000000004,104.05477,27.797503854875281,37.27499319727891,107.32455510204083,55.034284807256235,40.746648979591839,38.431945578231293,46.522443990929709,39.253263038548752,77.905164625850318,42.393177324263036,nan,56.315046712018137,64.694203174603174,41.921818140589572,46.129243990929695,26.811682086167799,nan,72.683635802469155,43.401863038548761,49.169183673469391,nan,71.385419000000027,42.66225623582767,47.58252290249434,nan,105.58077899999996,41.935928344671204,75.298879999999983,29.237646712018151,35.619145578231297,82.733196371882059,60.480612244897948,nan,32.125355102040821,28.276326530612252,29.171212244897966,47.518199092970541,nan,57.740290249433095,33.330354750000005,61.925707482993197,63.090405895691617,nan,86.399189569160995,259.72354603174603,50.83743129251701,82.551113378684803,63.962091609977321,75.21113739612187,46.434859863945583,nan,36.125453514739242,44.05742358276644,90.63081814058954,78.906174149659861,32.289082086167795,47.416269387755101,372.46142766439908,49.574082086167806,141.56199900000004,nan,nan,107.67940589569162,91.682888435374139,167.91751700680271,48.341145578231306,32.770256235827659,59.943584749999992,157.56621274999998,nan,28.455882086167797,52.978770521541946,37.106993197278911,31.82462494331066,nan,52.43241274238229,nan,33.712364625850348,43.798634467120181,101.04280272108839,39.353453514739236,nan,46.625759999999993,33.2990820861678,73.613070000000008,36.902853514739228,22.189484807256239,325.48230748299324,51.665180045351462,49.257015419501123,80.276205895691618,44.379913378684805,nan,nan,91.285653514739238,231.98216099773245,30.016355102040819,96.383497959183671,81.142631292516967,109.44992970521541,47.798529705215422,64.471037188208612,45.81311700680272,59.570374149659862,nan,nan,nan,nan,103.56313605442176,nan,81.985094750000016,nan,43.764186848072562,244.15656780045356,25.35541814058957,67.478915082644619,28.483707482993196,20.75314875283447,155.36465034013605,39.090945578231299,52.41327256235828,68.403031292517014,95.772269387755074,38.887955102040827,36.918345578231296,168.40551135734077,41.034684807256248,30.359034467120175,nan,53.88653469387755,35.721180045351467,33.981824943310649,21.868453514739237,124.36522475000001,91.099246712018157,43.976863038548743,27.992141950113382,30.889741950113383,nan,34.066167800453506,26.832341950113378,47.522274238227148,56.067282086167801,40.964291609977323,46.116759999999992,46.563675283446713,35.154069387755101,38.104427664399097,59.114117006802744
28.076475283446712,28.478838095238096,319.67775916955009,34.259234749999997,nan,nan,80.291715646258496,27.578605895691609,27.802624943310654,74.003469387755118,37.659094331065759,52.813160997732425,nan,19.164291609977326,38.620831292517018,nan,102.501379,nan,46.275586848072571,55.557446712018134,47.841982312925161,29.049710657596364,32.253894331065759,nan,43.952872562358273,36.997463038548752,82.249223268698074,30.758297959183672,96.328174603174602,27.798307482993199,81.337420408163254,34.288560997732432,47.069802721088443,175.72149899999997,43.460570521541953,20.508341950113383,nan,30.162265759637187,25.479250340136055,31.997154749999993,402.75006303854866,nan,48.573039455782322,39.117129705215405,460.46319274999985,45.735275283446718,62.758301133786865,nan,43.462970521541926,20.151351473922904,38.845545578231295,107.45966149584484,27.419878911564631,51.423865759637181,69.507053514739212,52.448456235827656,52.377774749999979,55.311717006802716,nan,24.725374149659871,32.051574149659864,55.227634467120176,49.188399092970528,46.244008616780057,112.06502494331066,41.229706122448974,63.793526530612247,60.919164625850335,40.324339229024936,83.83874000000003,54.658884750000006,60.467418140589565,38.882615419501128,32.092608616780048,33.235072562358276,22.41019637188209,277.65450113378688,nan,nan,71.927559000000016,31.915682086167802,43.277139229024939,50.071237188208613,36.235643990929695,34.515503854875284,59.025852154195036,79.515272562358277,29.510694331065764,45.394199092970517,39.909109999999998,860.30328899999972,74.401968975069266,47.203522902494328,26.673694331065761,41.165058999999992,39.384618140589573,55.498739229024942,270.75204000000002,43.416494331065756,nan,40.865729705215415,43.725650340136063,42.89944671201814,41.52290612244898,135.76711065759636,62.856717006802725,165.64783,97.840551473922915,23.602547392290244,38.571777324263039,84.784454750000009,52.82332290249434,39.100477551020404,39.158291609977319,41.868658999999994,26.634529705215424,99.703415419501155,45.925389569160998,nan,59.279443990929721,79.314014749999984,47.849608616780046,45.556374603174604,39.647400000000005,nan,51.510966666666661,41.689808616780049,45.865970521541954,nan,82.797874749999991,43.429520181405891,48.461599092970523,nan,86.872324750000004,40.234555102040815,62.024850340136048,29.168577324263033,36.538078911564639,54.865439455782322,63.257290249433112,nan,30.281602721088433,22.465872562358278,33.92197278911565,44.51334875283446,nan,58.406465759637207,169.92331474999997,60.525096598639458,75.075012244897934,nan,27.882605895691604,271.32012970521544,51.342703854875289,38.123344217687077,63.288366439909275,46.652561218836567,33.075303854875287,nan,31.701437188208622,53.917993197278918,95.561665759637208,63.37956462585035,46.9988299319728,45.600748752834456,331.22391564625849,46.027618140589574,92.9352022160665,nan,nan,32.587722902494335,110.4548752834467,131.22937899999997,48.609272562358285,31.65990113378685,83.78698,248.16633475000003,nan,25.160736054421765,46.021258503401363,36.008472562358278,53.590306122448986,nan,57.017678911564623,nan,31.559682086167804,47.168944217687063,133.37240861678006,41.549522902494331,nan,211.12838367346939,64.015566759002795,51.459364625850348,34.166618140589577,24.978977324263031,389.90027475000005,45.359577324263036,56.506618140589566,82.87805351473925,80.599282086167818,nan,nan,29.462608616780038,196.57075147392285,26.737812698412696,74.682989569161009,61.595389569160986,89.875827664399097,79.565284750000004,58.656015419501124,45.794250340136067,57.455437188208613,nan,nan,nan,nan,100.36977052154195,nan,154.30894899999998,nan,30.209974149659875,287.56584671201824,26.803536054421766,68.341206818181831,32.854040816326531,22.225215419501133,174.84023718820862,43.373818140589577,26.733595011337869,72.886278911564645,84.679021768707486,38.107147392290244,38.315701133786852,100.59092853185595,27.057437188208617,26.319780045351472,nan,53.034621768707481,24.896482086167801,30.89075374149661,68.031510657596371,148.11976999999999,54.256964625850344,34.181345578231294,30.453482086167803,37.72991337868482,nan,30.079082086167794,29.581821768707485,29.617649999999998,75.599405895691618,44.315498412698425,190.93607423822712,47.79778956916099,34.169669387755114,47.289094750000004,44.412974149659867
20.833648979591839,28.195545578231293,361.63635899999997,56.539150000000006,nan,nan,49.053383673469412,25.721875283446717,29.870101133786843,48.146970521541938,39.752227664399086,77.531821768707488,nan,21.827382312925174,50.336580045351475,nan,86.10099637188209,nan,47.10663809523809,61.964964625850349,52.667884807256236,28.02637142857143,33.061174149659877,nan,44.287656235827669,38.948926530612248,65.386987811634341,30.994922902494324,102.43531065759637,39.732039999999998,46.274831292517,30.960268027210891,39.959869387755099,83.366677551020416,44.367777324263024,19.764186848072569,nan,34.871446712018141,38.935117006802727,29.169954749999999,415.46280861678002,nan,38.335707482993207,36.307075283446714,471.13272686980611,44.793488435374158,56.915665759637186,nan,100.34108000000001,85.691326530612258,28.310802721088436,189.76159475,27.553120181405898,48.601196371882097,59.883212244897948,41.305396371882082,123.51409474999998,53.01123446712019,nan,35.436186848072552,25.855360997732429,48.456856235827672,33.715570521541956,50.941448979591833,52.009275283446705,39.112648979591839,55.599212244897956,64.150391836734684,49.017412244897955,75.922234749999987,61.442739999999993,46.849665759637197,39.537246712018138,37.569529705215416,32.202196371882088,27.376580045351481,41.775939229024935,nan,nan,87.247701133786876,34.051268027210888,39.04955510204082,50.337843990929684,33.584250340136052,48.423463038548753,48.148558276643996,38.588405895691601,50.803027664399103,57.500974749999997,47.819906122448984,333.50407222222231,85.168340000000001,48.83494739229026,23.066837188208616,49.546599000000001,37.116094331065753,46.752865759637174,315.6798847500001,50.000188999999992,nan,46.984678911564643,42.154412244897962,45.570380045351477,42.591586848072566,137.43964081632652,60.583008616780077,77.210298999999992,115.11163900000001,24.754380045351475,37.950141950113377,127.13232999999995,50.744297959183669,41.490391836734695,34.69910113378684,30.558329000000004,30.181958276644,103.19345623582765,56.204231292517001,nan,56.711682086167805,69.135729705215439,103.60737063711913,43.2047074829932,29.926815419501125,nan,26.132517006802725,42.469627664399091,40.515309297052148,nan,104.40772018140591,45.273374149659873,56.610132426303849,nan,66.498570000000015,41.129058503401353,29.079725170068031,26.094570521541939,31.678202721088436,89.437107482993198,59.20701224489796,nan,30.836929705215425,19.259732426303859,34.740332426303851,44.172618140589577,nan,51.911164625850333,75.117027146814451,59.294766439909303,72.063996371882084,nan,35.555002721088442,306.2395963718821,31.962627664399104,31.322975963718818,61.83833242630385,100.16708475000001,32.602710657596369,nan,35.987461678004536,43.873564625850342,98.384272562358262,63.37425351473923,32.49350113378685,54.994288435374152,264.06167256235824,50.327268027210884,352.33764671201817,nan,nan,33.956341950113384,88.499287074829923,136.93945475000001,50.613205895691614,49.893529705215421,82.833920181405915,91.464389569161,nan,26.372002721088432,69.193751473922902,37.29888480725625,41.230859863945575,nan,53.502229999999997,nan,27.279958276643988,49.020170521541949,123.56239319727894,44.013920181405894,nan,36.770360997732432,38.636459999999992,58.192424943310641,32.832910657596372,24.007713378684812,386.27135374149668,49.270424943310658,44.966618140589581,79.437589569160977,302.11745079365073,nan,nan,47.698732426303863,247.97326900000013,25.637234467120184,71.624941950113381,61.392341950113369,153.42920589569155,50.748678911564625,62.988658503401375,37.509526530612241,69.680429931972782,nan,nan,nan,nan,97.443824750000005,nan,259.93675147392287,nan,26.638984750000002,35.121599999999987,24.935482086167802,69.388661157024785,34.958729705215426,21.855748752834465,138.511170521542,40.98802176870749,33.269120181405889,66.207191836734694,81.459869387755091,137.59949,38.032668027210882,75.453136111111093,27.339329705215423,23.586932426303857,nan,38.633364625850341,26.88449000000001,33.215701133786851,176.91352018140594,158.64511000000002,23.134260000000005,56.203482086167803,30.725202721088429,32.909332426303855,nan,29.656215419501141,32.37331564625849,66.774790000000024,49.206288435374141,45.11062766439909,67.141987811634351,31.015770521541949,31.236706122448979,81.02597999999999,45.144059863945586
120.26839637188208,31.091401360544214,424.60294444444446,59.284279000000005,nan,nan,34.38288208616779,18.595955102040815,30.12373242630386,166.54927256235823,45.13029160997732,44.245863038548748,nan,37.80732970521543,167.80157052154192,nan,55.854246712018146,nan,195.30251337868478,137.81845351473925,30.116707936507936,32.434122902494337,24.870189569160999,nan,86.133596371882078,28.382177324263033,138.69634722222224,44.002591836734688,102.45970385487529,32.201821768707489,42.034164625850352,49.332634467120172,49.640755102040828,114.01335147392291,46.648459863945575,24.882827664399095,nan,50.954972789115658,28.649375963718821,28.046969999999995,411.44098956916088,nan,41.012494331065767,88.062958276644011,388.92847528344674,71.502031292517003,96.768221768707491,nan,244.51253475000007,24.154760997732424,35.992482086167797,292.78479909297062,35.119370521541953,50.45127891156465,39.217839455782304,25.964199092970521,93.001853185595593,89.403910657596384,nan,42.656833106575966,23.253441269841272,27.679574149659867,41.539722902494326,30.401869387755109,207.4909609977324,29.517945578231291,54.326891609977324,29.656326530612247,71.161440816326532,77.184687074829924,73.011936054421739,19.367332426303857,53.759355102040821,54.660605895691617,28.467612244897964,37.848534693877546,284.52684399092976,nan,nan,27.361672562358279,34.362624943310649,35.177027664399105,63.645029931972786,167.86046167800453,36.953827664399093,24.694199092970525,293.07636326530621,25.318637188208619,19.45577052154195,68.459072562358301,264.02320826446277,59.316509000000011,39.455317006802723,47.57868843537414,31.250284750000002,28.121320181405899,34.676634467120167,163.25339474999998,16.738820408163264,nan,24.647741950113382,44.176972789115645,23.122779999999999,78.824167800453523,75.501680725623572,114.3323990929705,159.92140272108841,147.38606303854874,62.169615419501127,51.172706122448986,37.231282086167802,39.193526530612246,45.901163265306124,43.84738684807256,35.506577324263027,24.39696326530612,19.988468027210882,60.576253514739228,nan,45.085526530612256,47.27098231292517,23.280005895691616,25.190437188208616,32.219782312925176,nan,68.009430000000023,34.734164625850347,62.594656235827678,nan,101.78023718820863,31.009494331065763,49.718129705215404,nan,205.86699319727887,29.095037188208607,88.495024943310653,36.143525170068031,40.941434467120182,258.34538367346931,28.01812653061225,nan,34.38082040816326,45.002307482993217,48.447256235827659,45.417193197278912,nan,29.200891609977322,110.5901297052154,66.160980045351479,78.783545578231283,nan,59.569650340136064,380.66318684807254,28.362218140589562,42.729465759637172,63.895760997732417,341.86527474999991,32.359777324263042,nan,30.473522902494334,39.383366439909295,70.161944217687051,22.581615419501134,31.490402721088437,72.698974149659861,198.49756462585032,76.002012244897955,272.3486820861678,nan,nan,39.819563265306137,23.935570521541951,225.29049160997735,50.031088435374159,26.901221768707479,36.225015419501133,132.36411065759634,nan,31.531348752834464,34.910437188208618,47.374820408163252,37.482024749999994,nan,160.06065475,nan,27.653256235827662,29.753509297052158,77.456529705215445,35.129050340136061,nan,38.988624943310661,48.066282086167789,165.21680136054422,42.138132426303855,55.028243990929695,281.83566802721089,65.456791836734681,78.464256235827648,90.456069387755079,109.6851106575964,nan,nan,97.629984126984127,nan,20.91655827664399,145.88018684807255,65.449517006802722,95.663659863945583,54.144341950113393,27.085402721088435,43.02340589569161,73.57779183673469,nan,nan,nan,nan,79.387399092970526,nan,193.26591065759635,nan,27.85309474999999,133.64221108033243,56.363665759637193,65.927703512396704,96.868941950113438,41.109477551020412,61.720618140589558,47.04658004535149,50.238567800453524,26.674584126984129,116.55673242630385,51.245593197278922,29.971282086167793,198.35022493074788,31.463783673469386,25.348501133786847,nan,77.219053514739258,35.327183673469392,38.530541950113374,392.62527891156469,23.8453514739229,86.769332426303862,54.469802721088435,25.74438367346939,55.313897959183677,nan,29.792336054421771,26.684903854875284,83.753060317460339,295.66847256235826,19.217520181405899,43.103526869806096,37.022082086167792,22.3665514739229,62.110510657596372,65.147758276643984
